timestamp,left_shoulder_x,left_shoulder_y,left_shoulder_z,right_shoulder_x,right_shoulder_y,right_shoulder_z,chest_x,chest_y,chest_z,head_x,head_y,head_z
0.0,-0.036050130093898174,0.1556230962576102,0.40683849381309084,-0.03672136943534835,-0.1358933165686894,0.413787629776308,-0.03638574976462326,0.009864889844460413,0.41031306179469945,-0.07259831329677434,0.01456976078573618,0.5873745018406044
0.0333333333333333,-0.03582081950570348,0.1560107297652251,0.4067102667806143,-0.03651431527133894,-0.1354989244578232,0.4139352621705219,-0.03616756738852121,0.010255902653700955,0.4103227644755681,-0.07228593638014708,0.01513134141539408,0.5873988290284586
0.0666666666666666,-0.035848443363028656,0.15654598193433167,0.40650210905401263,-0.03657864336415279,-0.13495390376745928,0.41410759679665593,-0.03621354336359073,0.010796039083436185,0.4103048529253343,-0.0723516978280308,0.015907095857170907,0.5873702363570872
0.1,-0.03610845604130154,0.1571452780915743,0.4062477827539886,-0.03688440778648648,-0.1343430691335533,0.41427905481107513,-0.03649643191389401,0.011401104479010514,0.41026341878253186,-0.07275659787352792,0.016776101721868934,0.5872960397553142
0.133333333333333,-0.03632870981007275,0.15754107033800518,0.40607481578766735,-0.03713621124406828,-0.13393930784154232,0.41438728099026495,-0.036732460527070514,0.011800881248231435,0.4102310483889662,-0.07309442956486023,0.01735026787289293,0.5872374060009418
0.166666666666667,-0.03629099660667489,0.15756006296605737,0.4060708191191816,-0.03709903054877753,-0.13391992582640766,0.41439687549030896,-0.03669501357772621,0.011820068569824854,0.41023384730474527,-0.07304082290740524,0.01737782501885884,0.5872432611976158
0.2,-0.03606939842545087,0.15731309873802277,0.40618629651843735,-0.036856028428910545,-0.13417190341434654,0.4143370470037152,-0.03646271342718071,0.011570597661838117,0.4102616717610763,-0.0727083117545749,0.01701953074119602,0.5872950156527275
0.233333333333333,-0.03596275623486027,0.1570753016280833,0.40628776722802695,-0.03673106790096156,-0.13441442566062708,0.41426953284343637,-0.036346912067910915,0.011330437983728103,0.41027865003573166,-0.07254256476044696,0.016674609267930234,0.5873254056646336
0.266666666666667,-0.03620147371123081,0.15699728630976578,0.40629672089398067,-0.03696913680326742,-0.13449396936124833,0.41422253698539535,-0.036585305257249116,0.01125165847425873,0.410259628939688,-0.0728838360849182,0.016561464747474785,0.5872863549907773
0.3,-0.036729649699670866,0.1569704633244677,0.4062596786457378,-0.03750575591590818,-0.1345213153408985,0.41416541261828127,-0.03711770280778952,0.011224573991784599,0.41021254563200954,-0.07364594838653965,0.01652256553282686,0.5871923684363148
0.333333333333333,-0.037272356184164204,0.15676508974960218,0.40628954960345304,-0.03804458803759383,-0.13473065108664797,0.4140482049181689,-0.03765847211087902,0.011017219331477103,0.41016887726081097,-0.07442002869388419,0.01622475903031088,0.5871030701324922
0.366666666666667,-0.037606270591594604,0.15624875605671945,0.4064576419008705,-0.03834831929345149,-0.13525661660713978,0.4138486548105442,-0.03797729494252305,0.010496069724789829,0.4101531483557074,-0.07487643204320905,0.01547627411751428,0.5870652462029299
0.4,-0.037768996313815625,0.1554532923174326,0.4067474607687362,-0.03845755558182188,-0.13606599765333396,0.4135731080696789,-0.038113275947818756,0.00969364733204932,0.41016028441920754,-0.07507115136718413,0.014323818657433957,0.5870696286530778
0.433333333333333,-0.038025996187186495,0.1544884464233139,0.40709097699700947,-0.038650131720466954,-0.1370462276671537,0.4132313562852334,-0.038338063953826725,0.0087211093780801,0.41016116664112146,-0.07539299577330803,0.012927037704524323,0.5870608029155925
0.466666666666667,-0.03864802332308726,0.1534589595571911,0.4074216465058518,-0.03920727855745208,-0.13809032475902216,0.41283108716908234,-0.03892765094026967,0.007684317399084466,0.41012636683746706,-0.07623695814320441,0.011437971206168967,0.586982706272635
0.5,-0.03969334128173059,0.15244883041873733,0.4077002732137273,-0.040191965718753664,-0.13911298355913043,0.4123928208808683,-0.03994265350024213,0.006667923429803448,0.4100465470472978,-0.07768970256574081,0.009978198369280766,0.5868188341455465
0.533333333333333,-0.040932486001163906,0.15150259760525522,0.40793040402171715,-0.04137371612512454,-0.140069335313253,0.41195200198086357,-0.04115310106314422,0.005716631146001118,0.4099412030012904,-0.0794219942813567,0.008611924140693604,0.5866085407001465
0.566666666666667,-0.04193551003745944,0.15057386823277102,0.4081723204971339,-0.04231485429595404,-0.1410064782806733,0.4115364883044206,-0.042125182166706736,0.004783694976048862,0.40985440440077725,-0.08081304879382456,0.00727201142880218,0.5864366695814772
0.6,-0.042290290558927725,0.14952579094368662,0.408520855261764,-0.04259113030859956,-0.14206224878047735,0.41114470458417673,-0.04244071043376364,0.0037317710816046333,0.4098327799229704,-0.08126463171208986,0.00576120227893886,0.5863910526401199
0.633333333333333,-0.041870687628396255,0.14824556472024658,0.4090303388197472,-0.042070603947031326,-0.1433492878244685,0.41075138585388854,-0.04197064578771379,0.0024481384478890456,0.4098908623368179,-0.08059218744139282,0.003917601551048004,0.5864990623665881
0.666666666666667,-0.040978614054668745,0.14678512359688664,0.4096469219919783,-0.04106537010300837,-0.1448140419570693,0.41033910811364227,-0.04102199207883856,0.0009855408199086727,0.4099930150528103,-0.07923488942929952,0.001816959920828421,0.5866942384148331
0.7,-0.04019292449020502,0.145373027972063,0.410227901995775,-0.04017486765967699,-0.14622681522028638,0.409926034225932,-0.04018389607494101,-0.00042689362411168954,0.4100769681108535,-0.07803568581521311,-0.00021164012551603154,0.5868577215843674
0.733333333333333,-0.03998377184347111,0.14425821955488055,0.4106416735996505,-0.03988483421766049,-0.14733974139622974,0.4095556807344542,-0.0399343030305658,-0.0015407609206745968,0.41009867716705234,-0.07767860170411421,-0.0018114283199958017,0.5869023359981824
0.766666666666667,-0.040400309397389714,0.1435096584231392,0.4108631316589088,-0.040245453983082095,-0.1480858451109,0.40925119539058946,-0.0403228816902359,-0.0022880933438804087,0.41005716352474914,-0.0782347707055313,-0.0028847836682169854,0.5868241620036012
0.8,-0.04109160079445081,0.1429531165961382,0.41098857261035515,-0.04089268941414398,-0.14863993964191236,0.4089860771626185,-0.0409921451042974,-0.0028434115228870792,0.4099873248864868,-0.07919256724100651,-0.003682359630598035,0.5866912100557822
0.833333333333333,-0.04160520265984881,0.14232648659886976,0.41115434856115946,-0.04135675946417051,-0.14926318205326913,0.4087123388730706,-0.041480981062009654,-0.0034683477271996808,0.40993334371711504,-0.07989213832158211,-0.004579925382578251,0.586590034822689
0.866666666666667,-0.0417057446183179,0.1415211934749576,0.4114220493361434,-0.04139623639924311,-0.15006314027308298,0.408415304023367,-0.04155099050878051,-0.004270973399062697,0.4099186766797552,-0.07999239656212424,-0.005732699308170873,0.5865662375949354
0.9,-0.041516560456271695,0.14066154563573355,0.411735867764692,-0.041144294634929475,-0.15091587723686803,0.40812645103443246,-0.04133042754560058,-0.005127165800567233,0.4099311593995622,-0.07967686586816994,-0.006962410316000577,0.5865958747923528
0.933333333333333,-0.04140998970386025,0.13994143797122416,0.4119919012650236,-0.04098516371974303,-0.1516292313097473,0.40787798124490776,-0.04119757671180164,-0.005843896669261569,0.4099349412549657,-0.07948682894916761,-0.007991820269786034,0.5866085349428267
0.966666666666667,-0.04168844391660396,0.13941832653840414,0.4121411455869698,-0.04122179013912264,-0.15214688625523262,0.4076613104498681,-0.041455117027863295,-0.006364279858414252,0.40990122801841894,-0.07985540950253829,-0.008739225193780039,0.5865478138665106
1.0,-0.042283966279600856,0.139004533141272,0.4122202396517417,-0.041779571234660556,-0.15255603575390564,0.407451565710136,-0.04203176875713071,-0.006775751306316806,0.40983590268093884,-0.08068058795601568,-0.009330205126777947,0.5864257740198262
1.03333333333333,-0.0427877514342571,0.1386378150128352,0.41229174693700077,-0.04224953216337065,-0.15291839662065104,0.4072672292538228,-0.04251864179881387,-0.00714029080390793,0.40977948809541176,-0.08137726521073417,-0.009853778917009757,0.5863209378687281
1.06666666666667,-0.042845857916740025,0.13838562261351955,0.412370430474766,-0.04228766713799235,-0.15316746084669466,0.4071696663099339,-0.042566762527366186,-0.007390919116587555,0.40977004839235,-0.0814461412545516,-0.010213746720122232,0.5863052139355995
1.1,-0.04251526112194899,0.13834582225100645,0.4124179991878654,-0.04195822293971352,-0.15320675772969186,0.40718896341973354,-0.042236742030831255,-0.0074304677393427065,0.4098034813037995,-0.08097394001338244,-0.010270548899012619,0.5863696234453235
1.13333333333333,-0.04214722137021073,0.13850831729382615,0.4124012339796039,-0.04160706767394946,-0.1530463014599458,0.4072853257191414,-0.0418771445220801,-0.007268992083059822,0.40984327984937263,-0.08045938471431306,-0.010038627594185279,0.5864444660859268
1.16666666666667,-0.04191488305473006,0.1387939352017889,0.41232888104813453,-0.04139898711084527,-0.15276415916348893,0.40741243299439034,-0.041656935082787665,-0.006985111980850008,0.40987065702126246,-0.0801442574055229,-0.009630901618119591,0.586494451955283
1.2,-0.04157190302399043,0.13920428179742012,0.41222525980939734,-0.04109059526192582,-0.1523585649432936,0.40759549272113044,-0.041331249142958125,-0.006577141572936744,0.4099103762652639,-0.0796781800795568,-0.009044949884644703,0.5865672808264899
1.23333333333333,-0.04076694027030846,0.1398314139506254,0.41209337809562374,-0.04034049008369679,-0.15173814613017822,0.40790174660808226,-0.040553715177002625,-0.005953366089776405,0.40999756235185303,-0.07856546119128473,-0.008149046632854318,0.5867304830858583
1.26666666666667,-0.039539897092924,0.1406751766202103,0.41192573509972685,-0.039185929790569854,-0.15090236561782724,0.40832412857255007,-0.03936291344174692,-0.0051135944988084684,0.41012493183613846,-0.07686119046478901,-0.00694291844628365,0.5869716788050101
1.3,-0.038378422627252294,0.14152215761377088,0.41174542571555517,-0.03809329809701394,-0.15006218318075124,0.40873695310830294,-0.03823586036213312,-0.004270012783490176,0.41024118941192905,-0.07524799571338375,-0.005731319619787745,0.5871937410701197
1.33333333333333,-0.03774200238540365,0.14211074813855648,0.41160150210626867,-0.037501747662348324,-0.14947759946945763,0.4090057715928447,-0.037621875023875984,-0.003683425665450579,0.4103036368495567,-0.0743690993691938,-0.004888831673434976,0.5873133191229977
1.36666666666667,-0.03759922266582799,0.14243374815358686,0.41150291111794435,-0.03738188631683635,-0.14915654780994028,0.40913393141849824,-0.03749055449133217,-0.0033613998281767144,0.41031842126822127,-0.07418109548257829,-0.00442632120396604,0.5873407624105381
1.4,-0.03748757882919351,0.1428011133948479,0.4113857599181254,-0.037295879191740176,-0.14879118257853066,0.4092747932616151,-0.03739172901046685,-0.002995034591841382,0.41033027658987026,-0.07403960025426845,-0.003900128452327199,0.5873623455990619
1.43333333333333,-0.036995407978471166,0.14354641494157344,0.41117087270698643,-0.03685638648253646,-0.14804923161179664,0.40958355290678705,-0.03692589723050382,-0.0022514083351115903,0.4103772128068867,-0.07337271065149661,-0.002832094835005908,0.5874521452900531
1.46666666666667,-0.0361291178600104,0.14469160933768843,0.41084637645551164,-0.036068991516089076,-0.1469073363023136,0.4100645283473219,-0.036099054688049734,-0.0011078634823125809,0.41045545240141673,-0.07218894744137701,-0.001189680467528316,0.5876044068615207
1.5,-0.03521586117369516,0.14593340467686097,0.41048630249730783,-0.03523770208813867,-0.1456665797357576,0.4105791116420489,-0.035226781630916915,0.00013341247055166747,0.41053270706967837,-0.07094005276164132,0.0005930965274333159,0.5877573951776983
1.53333333333333,-0.03452270634640985,0.1469433818507278,0.41018476969956785,-0.03460862845605734,-0.14465549401489516,0.41098988540454073,-0.034565667401233596,0.0011439439179163184,0.4105873275520543,-0.0699934235438714,0.0020444650753203945,0.5878676205223012
1.56666666666667,-0.03402480428965627,0.1476496131691888,0.4099727118245021,-0.03415416205553654,-0.14394744382831706,0.41127640540969274,-0.034089483172596406,0.0018510846704358633,0.41062455861709746,-0.06931156020619023,0.003060089476185965,0.5879439955553333
1.6,-0.03351426999589811,0.14823834205986347,0.4098022787475464,-0.03367857171412204,-0.14335654087497038,0.4115219447524032,-0.03359642085501008,0.0024409005924465343,0.4106621117499748,-0.06860551325330651,0.003907206263959094,0.5880217816763675
1.63333333333333,-0.0328713997686684,0.14893069080273164,0.4096032719973881,-0.03307531016318584,-0.14266086878641074,0.4118125245689546,-0.032973354965927126,0.003134911008160453,0.4107078982831714,-0.06771326979823293,0.004903970221462889,0.5881177285243891
1.66666666666667,-0.03220705780291004,0.14977383310009457,0.4093485365344327,-0.0324580398944669,-0.14181255820886043,0.4121544965150909,-0.03233254884868847,0.00398063744561707,0.4107515165247618,-0.06679556328557149,0.006118632916695795,0.5882112830369562
1.7,-0.03176044449605561,0.1506092577984454,0.4090768212053955,-0.03205802085295526,-0.1409707956295317,0.41247445144603634,-0.03190923267450543,0.00481923108445685,0.4107756363257159,-0.06618927683768397,0.007323049559927759,0.5882660546149469
1.73333333333333,-0.031679889141529624,0.15120718319450785,0.40886243700181074,-0.03201232026311297,-0.14036758888873457,0.41268366378871285,-0.0318461047023213,0.0054197971528866405,0.4107730503952618,-0.06609882062922731,0.00818560190647678,0.5882648555440332
1.76666666666667,-0.03190115569824875,0.1514479608540514,0.40875610262718104,-0.03225006877727069,-0.14012450863210735,0.4127477560951871,-0.03207561223775972,0.005661726110972024,0.41075192936118404,-0.06642747247815783,0.008533067833522286,0.5882228966037453
1.8,-0.032210864052673496,0.15141448893512172,0.40874421438620123,-0.032560779137319563,-0.14015830669574453,0.4127118846644625,-0.032385821594996526,0.0056280911196885915,0.4107280495253319,-0.06687170910471969,0.008484760216628185,0.5881732583183874
1.83333333333333,-0.03239096985751505,0.15132314894416535,0.40876380671728785,-0.03273708665843015,-0.14025052675189514,0.41266660625749046,-0.032564028257972596,0.005536311096135105,0.4107152064873892,-0.06712691180213283,0.008352942888747713,0.5881460741111806
1.86666666666667,-0.0322950271161382,0.1513454506400685,0.40876314145335957,-0.03264157827572475,-0.14022801151989314,0.41268182316402885,-0.03246830269593148,0.005558719560087675,0.4107224823086942,-0.06698982983996633,0.008385126624320172,0.5881612455652743
1.9,-0.031839613448598564,0.15146658525473905,0.4087540000824572,-0.03218903887605986,-0.14010570191265115,0.4127589043072713,-0.03201432616232921,0.0056804416710439535,0.4107564521948643,-0.06633970507571255,0.008559947699769836,0.5882324109238057
1.93333333333333,-0.031008199868929866,0.15149182999369665,0.40880855788834236,-0.031350951761797974,-0.14008020908140242,0.41283205769959325,-0.031179575815363923,0.005705810456147112,0.41082030779396783,-0.06514423885158895,0.008596383132268725,0.5883654721148062
1.96666666666667,-0.029899935414156975,0.1511855543654631,0.40900445233534266,-0.03021451178485379,-0.14038941961278065,0.41281175995304425,-0.03005722359950538,0.005398067376341223,0.4109081061441935,-0.06353678557068297,0.00815439291582534,0.588547518209794
2.0,-0.028723502807560027,0.15044288225373142,0.4093624550228694,-0.028986835052820056,-0.1411385300947069,0.4126443186734387,-0.028855168930190044,0.004652176079512265,0.411003386848154,-0.06181504163381484,0.007083119625196932,0.5887447056913321
2.03333333333333,-0.027662177527049032,0.14938879783081244,0.40982131598273824,-0.02786189161494123,-0.14220010656158524,0.41235724767081683,-0.02776203457099513,0.003594345634613602,0.41108928182677756,-0.06024917957063664,0.005563826948687461,0.5889233215165949
2.06666666666667,-0.02671631955103967,0.14831916889451288,0.4102723271496439,-0.026856166940235134,-0.14327536881064745,0.4120516593906539,-0.026786243245637404,0.0025219000419327065,0.4111619932701489,-0.05885128692468687,0.004023540789704397,0.589077189833565
2.1,-0.025710503024186523,0.14746485035380083,0.41064438138256704,-0.025804439563040824,-0.14413276556973462,0.4118197807356971,-0.025757471293613676,0.0016660423920331067,0.41123208105913206,-0.05737734584665486,0.0027943243202579625,0.5892296923701104
2.13333333333333,-0.024487756406962418,0.14672261885121096,0.4109848451224112,-0.024543734211474637,-0.1448766492347754,0.4116357815285263,-0.024515745309218528,0.0009229848082177785,0.41131031332546875,-0.05559810600408295,0.0017271143441189155,0.5894043316096256
2.16666666666667,-0.023090208010535455,0.14562247820748037,0.4114567488223262,-0.023095661437519847,-0.1459774944308,0.41133054416078746,-0.02309293472402765,-0.00017750811165981193,0.4113936464915568,-0.05355917423554001,0.00014653858406260157,0.58959561719626
2.2,-0.021726032811297147,0.14365557755414482,0.41222175409913075,-0.021650463951388706,-0.1479404801479887,0.4107073492907236,-0.021688248381342926,-0.0021424512969219238,0.4114645516949272,-0.051546016683917395,-0.0026756053392514825,0.5897689782749498
2.23333333333333,-0.020553494426004446,0.14071499896084427,0.4132947652112552,-0.020367093910664325,-0.15086289019358123,0.4097087073338983,-0.020460294168334385,-0.005073945616368483,0.41150173627257675,-0.049786003449152176,-0.006885972485548959,0.5898860361789195
2.26666666666667,-0.01951882550399866,0.13722193205212146,0.41451764357084264,-0.019211809466804758,-0.15431532904476264,0.40847685444337983,-0.01936531748540171,-0.00854669849632059,0.41149724900711127,-0.0482164577095764,-0.011873750100115337,0.589937103172778
2.3,-0.018439709875869698,0.1338025270293166,0.41568326990265014,-0.018028781001817804,-0.15767508981251283,0.4072458521892455,-0.01823424543884375,-0.011936281391598108,0.4114645610459478,-0.046594990690791205,-0.016742101476801514,0.5899493260578013
2.33333333333333,-0.017251634144439344,0.13084357054242202,0.4166750066703706,-0.01676789767276506,-0.160566688067242,0.40616847650684684,-0.0170097659086022,-0.01486155876240999,0.4114217415886087,-0.04483939113764472,-0.020943607291630747,0.5899511782778365
2.36666666666667,-0.01613568088655138,0.12834898057268343,0.4174947891949995,-0.015603471136865207,-0.16299321766293356,0.405247329049193,-0.015869576011708294,-0.017322118545125064,0.4113710591220962,-0.0432044541714404,-0.024477666066438582,0.5899371300732614
2.4,-0.015382040727882764,0.12615410861168444,0.4181916471190378,-0.01480759789032664,-0.1651197260300996,0.40441546228798364,-0.015094819309104703,-0.019482808709207593,0.4113035547035107,-0.042093439549705736,-0.027581039215488195,0.5898805193071367
2.43333333333333,-0.015146398421522251,0.1241876710466637,0.41878840598989714,-0.014523089726149196,-0.16701820551296576,0.40364545570237165,-0.014834744073835723,-0.02141526723315104,0.41121693084613437,-0.04172051340004382,-0.030356615404294185,0.5897706953538984
2.46666666666667,-0.015357634514875162,0.12251231588407574,0.4192738908345292,-0.014678051262888115,-0.16863068023973132,0.40296886171284974,-0.015017842888881638,-0.0230591821778278,0.41112137627368944,-0.04198317343666911,-0.032717765518765624,0.5896257791201416
2.5,-0.015839599507387017,0.12119127944113542,0.4196397274943865,-0.015102008593153275,-0.1698989139141343,0.40242010810145934,-0.015470804050270145,-0.02435381723649944,0.4110299177979229,-0.04263284106458537,-0.03457725049778764,0.5894730299565565
2.53333333333333,-0.01647268818445537,0.12019182271816567,0.4199027224398045,-0.015678458241317715,-0.17085653973664686,0.4019923927060501,-0.016075573212886544,-0.02533235850924059,0.4109475575729273,-0.04350017763389512,-0.03598273245867863,0.589325526297661
2.56666666666667,-0.017222722411576907,0.119413600141494,0.420094620235344,-0.01637172633678085,-0.17160107068541694,0.40164747494975295,-0.01679722437417888,-0.02609373527196147,0.4108710475925485,-0.04453507047756826,-0.03707630191427219,0.5891804254804365
2.6,-0.018064875982929565,0.11876295510823831,0.4202436683239578,-0.017155331281889147,-0.1722227957726522,0.40134854957007166,-0.017610103632409356,-0.026729920332206947,0.41079610894701474,-0.04570070771161752,-0.037990058925665954,0.5890329355586749
2.63333333333333,-0.018951355686406646,0.11818697823613868,0.4203669876545428,-0.017982059882727084,-0.1727726012038287,0.4010759638930973,-0.018466707784566865,-0.027292811483845016,0.41072147577382007,-0.046928955343002655,-0.03879854419126022,0.588883642627677
2.66666666666667,-0.019881493075507732,0.11766907991653325,0.42046930194888404,-0.018850868809098045,-0.17326651026834328,0.40082292372282374,-0.01936618094230289,-0.027798715175905018,0.4106461128358539,-0.048218573140368814,-0.039525178535944595,0.5887311168108893
2.7,-0.020978400975563007,0.11721863468336914,0.42054181527188483,-0.019879528821521247,-0.17369573934503535,0.4005873805855049,-0.020428964898542127,-0.0282385523308331,0.4105645979286949,-0.049742205714738925,-0.040156921372360994,0.5885615796770249
2.73333333333333,-0.02244978010178246,0.11685699133091967,0.42056648816467024,-0.021266602884740426,-0.17404011278531872,0.4003666141932374,-0.02185819149326144,-0.028591560727199528,0.4104665511789538,-0.051790954231786646,-0.04066395146222157,0.5883500136369739
2.76666666666667,-0.02442488429676076,0.11660117663115029,0.4205274196197174,-0.023135788217141035,-0.17428358427951324,0.400156997404016,-0.023780336256950897,-0.028841203824181483,0.4103422085118667,-0.05454588454300059,-0.041022516942395545,0.5880760988328984
2.8,-0.02678775617816491,0.11647490051228983,0.4204185220542598,-0.02537826925149704,-0.17440372871868956,0.39996867111807216,-0.026083012714830975,-0.028964414103199863,0.41019359658616594,-0.05784561651071008,-0.04119948545085098,0.5877483181468658
2.83333333333333,-0.02915899153573258,0.11654933520336466,0.4202400810167559,-0.02763794709649526,-0.1743329115073218,0.3998497653654582,-0.02839846931611392,-0.028891788151978556,0.410044923191107,-0.06116300199572638,-0.04109517185863794,0.5874196732083189
2.86666666666667,-0.031086080547736917,0.11694451046683986,0.41999209169286456,-0.029492843538928764,-0.17395679233610545,0.3998810593129683,-0.03028946204333284,-0.0285061409346328,0.4099365755029164,-0.06387174949656767,-0.040541261987534404,0.5871698256280666
2.9,-0.03233419127101563,0.1177397840968737,0.41967554531133655,-0.030725722905751266,-0.17319910661166701,0.4001170509213269,-0.03152995708838345,-0.027729661257396662,0.4098962981163317,-0.06564842545791093,-0.03942599569190126,0.5870498049859038
2.93333333333333,-0.033052572589270315,0.11886835337321774,0.4193012783527706,-0.03147525030856166,-0.17212212867653096,0.4005233282282237,-0.03226391144891599,-0.0266268876516566,0.4099123032904971,-0.0666994902537783,-0.03784207230712029,0.5870355645093209
2.96666666666667,-0.03365972887182024,0.120125818395875,0.4188944144097574,-0.0321286293603804,-0.17091972456717766,0.40098610193676754,-0.03289417911610032,-0.02539695308565134,0.40994025817326246,-0.06760199783124604,-0.036075509935563965,0.5870435468578984
3.0,-0.03452450121384691,0.12130445995387618,0.418484177512042,-0.03302706577727597,-0.16979036831970684,0.40139269894847623,-0.03377578349556144,-0.024242954182915343,0.4099384382302591,-0.06886435500017882,-0.034418017682793456,0.5869963365342109
3.03333333333333,-0.03570742711751074,0.12232067759975383,0.418088927737726,-0.034224669890823387,-0.16881483448650134,0.40170371997941423,-0.03496604850416706,-0.023247078443373755,0.4098963238585701,-0.07056856012436773,-0.03298764077137549,0.5868760451012637
3.06666666666667,-0.03697104445234677,0.12321626451603777,0.4177159489982555,-0.035496230281893804,-0.1679537098297979,0.4019542561129601,-0.03623363736712029,-0.02236872265688007,0.4098351025556078,-0.07238329475138287,-0.03172605979367145,0.5867245641749552
3.1,-0.03802756038465779,0.12406360293699624,0.4173701559697091,-0.036568808623415286,-0.16713777394428536,0.4021981374570913,-0.03729818450403654,-0.02153708550364456,0.4097841467134002,-0.07390718540572383,-0.03053158240139265,0.5865979448113157
3.13333333333333,-0.03880286426939789,0.12490112025450618,0.4170488795097726,-0.03737236765537873,-0.1663301435484535,0.40245899729055923,-0.03808761596238831,-0.02071451164697366,0.4097539384001659,-0.07503714421336578,-0.029350124204271494,0.5865147872244013
3.16666666666667,-0.03950283891871283,0.1257558848075208,0.4167261728885487,-0.038106538315620095,-0.16550469872074994,0.40273035824990183,-0.03880468861716646,-0.01987440695661457,0.40972826556922526,-0.07606345684923807,-0.028143488227379852,0.5864417217745748
3.2,-0.040432461867412145,0.12668533639107568,0.41635533092241894,-0.03907028980315025,-0.1646057703297071,0.40300633722809104,-0.0397513758352812,-0.018960216969315713,0.409680834075255,-0.0774183211440014,-0.026830446004928284,0.5863259581101703
3.23333333333333,-0.04171333943876421,0.1277559348706378,0.41590159705739593,-0.040387790679145455,-0.1635685727118102,0.40329865286437433,-0.04105056505895483,-0.017906318920586205,0.4096001249608851,-0.07927750574241824,-0.02531674490758779,0.5861448097065548
3.26666666666667,-0.04314233748588506,0.12897268733837003,0.4153799521566608,-0.04186486707845733,-0.16238749103059139,0.4036251858821907,-0.04250360228217119,-0.01670740184611069,0.4095025690194257,-0.08135659992156818,-0.02359475792966799,0.5859317276635825
3.3,-0.044335146357587826,0.13024783321066793,0.4148561398341286,-0.04312246330750731,-0.16114710664624451,0.403989750111283,-0.04372880483254757,-0.015449636717788293,0.4094229449727058,-0.0831094671894031,-0.021788252019294692,0.5857556546656854
3.33333333333333,-0.045039843819540334,0.1314578486261966,0.41439831867417143,-0.04390388435209826,-0.1599675897944028,0.4043741759451357,-0.044471864085819296,-0.014254870584103088,0.40938624730965356,-0.08417241289847517,-0.020072233927872732,0.5856651848687795
3.36666666666667,-0.04532590222614176,0.13253427416179941,0.4140240920242299,-0.04426842741492624,-0.1589162543596286,0.40474879302062844,-0.044797164820534,-0.013190990098914597,0.4093864425224292,-0.08463768368039208,-0.0185442070551492,0.5856485066328625
3.4,-0.04547524002478338,0.13349583058194897,0.41369866543006956,-0.04449112730113907,-0.15797548124262983,0.40509251034149424,-0.044983183662961224,-0.01223982533034042,0.4093955878857819,-0.08490370376475057,-0.01717807342244916,0.5856516655110858
3.43333333333333,-0.045719060208134904,0.13439577159833602,0.4133802899593419,-0.04480218806778727,-0.15709359573438686,0.40540106208632454,-0.045260624137961086,-0.011348912068025411,0.4093906760228332,-0.08530050175205987,-0.01589847943044943,0.5856301402660511
3.46666666666667,-0.046111750619520775,0.13524539394858892,0.413059450790308,-0.04525626483445722,-0.15625977803049365,0.40567278350936314,-0.045684007726988995,-0.010507192040952367,0.40936611714983556,-0.08590605698193728,-0.014689542043308024,0.5855731936861202
3.5,-0.04662384418199585,0.13599733847383016,0.412754964959144,-0.04582099754539648,-0.1555208135113434,0.40589329603462904,-0.04622242086369616,-0.009761737518756607,0.40932413049688654,-0.08667613318335242,-0.013618869331971477,0.5854855871581202
3.53333333333333,-0.04724771921449733,0.1366038446668465,0.4124836513947684,-0.04648505998343627,-0.15492408621098397,0.406045960116793,-0.0468663895989668,-0.009160120772068734,0.4092648057557807,-0.0875971619716482,-0.012754787219331109,0.5853679620998152
3.56666666666667,-0.04792846931697069,0.13709252210808792,0.412242916528195,-0.047196533476134124,-0.1544428386399987,0.40614720464112,-0.0475625013965524,-0.008675158265955392,0.4091950605846575,-0.08859272533217243,-0.012058252333945954,0.5852328818549565
3.6,-0.04848156186171772,0.13753871335272935,0.4120295626595511,-0.04777965758735344,-0.15400308074218766,0.4062459974693791,-0.04813060972453558,-0.008232183694729151,0.4091377800644651,-0.08940517079886767,-0.0114220237545379,0.5851220823410824
3.63333333333333,-0.048658889188422504,0.13798384131182212,0.4118597966013185,-0.04799278823820224,-0.15356403699713958,0.4063870492958708,-0.04832583871331237,-0.007790097842658726,0.40912342294859466,-0.08968432560506337,-0.010787072073685941,0.5850914110224404
3.66666666666667,-0.04839235661318709,0.13840158569460895,0.4117510181108684,-0.04776558386065802,-0.15315169895012198,0.40656938045588475,-0.04807897023692256,-0.007375056627756506,0.40916019928337655,-0.08933122896897408,-0.010190964033284216,0.585156110980953
3.7,-0.04788934577857483,0.13873895322964944,0.41169628785591206,-0.047297544392388896,-0.15281848277228127,0.40674944208292196,-0.04759344508548186,-0.007039764771315912,0.409222864969417,-0.08863681048618931,-0.009709397285681008,0.5852698880572728
3.73333333333333,-0.04739717181301117,0.13897524205956874,0.41167354811222556,-0.04683116210491929,-0.15258498714786434,0.4068910406609233,-0.04711416695896523,-0.006804872544147801,0.40928229438657443,-0.08795130888583379,-0.009372030807550802,0.5853787925260013
3.76666666666667,-0.04690042945870508,0.13912577322496678,0.41167959502244084,-0.0463527337325784,-0.15243618627728037,0.4070015825594481,-0.04662658159564174,-0.006655206526156785,0.4093405887909445,-0.08725390636273399,-0.009157071453628941,0.5854865517688896
3.8,-0.046138843476181766,0.13919388349883494,0.4117426258427586,-0.04560539117419986,-0.15236884632719355,0.4071112108280839,-0.045872117325190816,-0.006587481414179308,0.4094269183354213,-0.0861747418408085,-0.00905980058410305,0.5856478739971952
3.83333333333333,-0.04494461939813992,0.13914602066123824,0.4118908667814757,-0.044420768817787636,-0.1524161686570275,0.40722446125778045,-0.04468269410796378,-0.006635073997894622,0.40955766401962806,-0.08447329846422978,-0.009128155907395146,0.5858946467170457
3.86666666666667,-0.04349434132001314,0.13895877673564816,0.4121097191986222,-0.042972395307010886,-0.15260126088787931,0.4073105491319218,-0.04323336831351201,-0.0068212420761155895,0.40971013416527197,-0.08239984823155858,-0.009395541719006936,0.5861856252439246
3.9,-0.04216372365895686,0.13867404473308226,0.41234384891892706,-0.04163583596313986,-0.15288260747749735,0.4073438602847381,-0.041899779811048365,-0.007104281372207552,0.4098438546018326,-0.08049175788406755,-0.009802059967854661,0.5864440254350858
3.93333333333333,-0.0411384936916864,0.1383737061274763,0.41254825391222133,-0.040600960477858584,-0.15317922686783023,0.40733688941905255,-0.040869727084772496,-0.0074027603701769615,0.40994257166563697,-0.07901782216478724,-0.010230753860762401,0.5866371228375876
3.96666666666667,-0.0402140935629206,0.13810096972356187,0.4127307461978345,-0.03966862779335922,-0.1534484540984295,0.407327419800011,-0.03994136067813991,-0.0076737421874338105,0.41002908299892277,-0.07768928068745116,-0.010619954794245708,0.5868076266220668
4.0,-0.03904115887481445,0.13783275991096602,0.41293297062081913,-0.03849230669087455,-0.15371309074635503,0.407340500166579,-0.0387667327828445,-0.007940165417694508,0.4101367353936991,-0.07600816696721467,-0.011002608571051346,0.5870206977563096
4.03333333333333,-0.03754691907612757,0.13754356626617484,0.4131679032347138,-0.036998835974168254,-0.1539982959588649,0.407371164904271,-0.03727287752514791,-0.008227364846345038,0.4102695340694924,-0.07386992941382478,-0.011415102617005384,0.5872857289224965
4.06666666666667,-0.03604909182978014,0.13727317352173826,0.41339116926491737,-0.03550451412451255,-0.15426483226002805,0.40740329652778706,-0.03577680297714634,-0.0084958293691449,0.4103972328963522,-0.07172823938259142,-0.011800688578698221,0.5875435318846856
4.1,-0.03492033700596516,0.13708934900731326,0.41354903030818196,-0.03438056072698074,-0.15444596479106829,0.4074310690423532,-0.03465044886647295,-0.008678307891877518,0.4104900496752676,-0.07011563635320163,-0.01206277603099928,0.5877328350607951
4.13333333333333,-0.034240325965392934,0.13699800553617,0.4136361524015907,-0.033704977421190954,-0.15453594947428587,0.40745339590468294,-0.033972651693291944,-0.008768971969057937,0.4105447741531368,-0.06914515673734588,-0.012192993669735185,0.5878451127980278
4.16666666666667,-0.033826541070447504,0.13693324684755268,0.41369163762843125,-0.03329343024126457,-0.15459973634501561,0.40746303395763644,-0.03355998565585604,-0.00883324474873147,0.41057733579303385,-0.06855426885770756,-0.012285306423944342,0.5879123930509063
4.2,-0.03350747739575511,0.13683297878683315,0.41375077630331014,-0.03297311366515227,-0.15469848580631,0.40745160115233336,-0.03324029553045369,-0.00893275350973842,0.41060118872782175,-0.06809650073333909,-0.012428227409820332,0.5879625874039202
4.23333333333333,-0.03326323337789558,0.13669225290545023,0.4138169949598214,-0.032724147629523304,-0.1548370518543402,0.4074190380334697,-0.03299369050370944,-0.009072399474444994,0.41061801649664553,-0.0677433802247879,-0.01262879611030271,0.5879991040638689
4.26666666666667,-0.0331307826164602,0.1365425645845702,0.4138770340530942,-0.03258480295592364,-0.15498440628786514,0.40737417620789595,-0.03285779278619192,-0.009220920851647472,0.41062560513049506,-0.06754878672422475,-0.012842112311412216,0.5880168705053067
4.3,-0.03309121227499626,0.1364116876889553,0.41392335419582066,-0.032538047636392106,-0.15511321177657542,0.4073288867800901,-0.03281462995569418,-0.009350762043810055,0.4106261204879554,-0.06748698709903728,-0.01302859884105087,0.588019864137192
4.33333333333333,-0.03309746526523439,0.13631513058835446,0.4139546629552483,-0.03253844198853409,-0.15520822222745542,0.4072926620540713,-0.03281795362688424,-0.009446545819550496,0.4106236625046598,-0.0674917538180633,-0.013166169876532532,0.5880162528134172
4.36666666666667,-0.03313530249180852,0.1362713276943061,0.41396605777998774,-0.03257305537090629,-0.1552513183297733,0.4072734698428214,-0.032854178931357406,-0.00948999531773359,0.4106197638114046,-0.0675436319184636,-0.013228574945613362,0.5880088953643131
4.4,-0.033190314871755965,0.13631284391708046,0.4139479817545293,-0.03262966059027027,-0.15521047208125208,0.40728450697665747,-0.03290998773101312,-0.009448814082085817,0.4106162443655934,-0.0676235470211357,-0.013169427706457541,0.5880010378371394
4.43333333333333,-0.033255935087223715,0.13647377432241345,0.413889685448147,-0.03270386642469158,-0.15505211138115657,0.40733886985440226,-0.03297990075595765,-0.009289168529371552,0.4106142776512747,-0.067723649886157,-0.012940134146523414,0.5879946076366309
4.46666666666667,-0.033348656032164636,0.13678622682077482,0.41377906581856055,-0.03281389915683691,-0.1547445239219354,0.4074469724460335,-0.033081277594500774,-0.008979148550580306,0.41061301913229703,-0.06786879613182137,-0.012494863007598991,0.5879875027119428
4.5,-0.03350973111790602,0.1372754966815627,0.4136039844439759,-0.03300207634347484,-0.15426254275772514,0.40761450645932706,-0.03325590373069043,-0.008493523038081222,0.41060924545165145,-0.06811881733296217,-0.011797376077415456,0.5879729985962237
4.53333333333333,-0.03379887338411162,0.13795517763389223,0.413354236870342,-0.033328493310643637,-0.15359231893703587,0.4078409814061438,-0.03356368334737763,-0.007818570651571826,0.4105976091382429,-0.06855948499012801,-0.010827966509990076,0.5879404311616401
4.56666666666667,-0.03427775147739416,0.1388241899064969,0.41302372821322947,-0.03385479581214883,-0.15273426455749955,0.4081197768397628,-0.034066273644771494,-0.006955037325501322,0.41057175252649614,-0.06927906713743996,-0.009587706568728496,0.5878776107105171
4.6,-0.0349846823521809,0.13986817849005487,0.4126120268039795,-0.03461937649879228,-0.15170175450902595,0.40844060947322364,-0.03480202942548659,-0.005916788009485542,0.4105263181386016,-0.07033244205225597,-0.008096511058532974,0.5877749505882617
4.63333333333333,-0.03590812815201348,0.14106594845788542,0.4121246468424238,-0.035611339775029026,-0.15051488172249303,0.4087942732923636,-0.03575973396352126,-0.004724466632303806,0.4104594600673937,-0.07170348765747571,-0.006384031222580164,0.5876303705889372
4.66666666666667,-0.03697210303597943,0.14239801722179596,0.4115720936908803,-0.0367559785416522,-0.14919207194800255,0.4091776860074947,-0.03686404078881581,-0.0033970273631032956,0.4103748898491875,-0.07328426627923831,-0.004477491334160395,0.5874529486032516
4.7,-0.038045787460213684,0.14385177360295562,0.4109682534022707,-0.0379238339799323,-0.1477449718759998,0.4095959730255692,-0.03798481072007299,-0.0019465991365220912,0.41028211321392,-0.07488844129494622,-0.0023943128349644327,0.5872627921653559
4.73333333333333,-0.03897957034231442,0.14541893295405986,0.41032870610173977,-0.03896566902544212,-0.14618094207713941,0.41005909797001217,-0.038972619683878267,-0.00038100456153976716,0.41019390203587597,-0.0763021442953705,-0.0001457321751790592,0.5870856496061285
4.76666666666667,-0.03965453913655142,0.1470856878926704,0.40966942521953525,-0.03976085489313789,-0.14451289064377457,0.4105736887247983,-0.03970769701484465,0.0012863986244479185,0.4101215569721668,-0.07735401579191825,0.002249064432263221,0.5869436909835828
4.8,-0.040022246991828825,0.14882088461188397,0.40900645968707894,-0.04025664872323865,-0.1427712574047383,0.41113431541259604,-0.04013944785753373,0.0030248136035728223,0.4100703875498375,-0.07797172288551717,0.004745844248906672,0.5868470719259129
4.83333333333333,-0.040115092470123015,0.1505694703243696,0.40835687086058564,-0.04047910692306061,-0.14101091245901917,0.41171958841829054,-0.04029709969659181,0.0047792789326752015,0.4100382296394381,-0.078197148888929,0.007265668961428198,0.5867912869117723
4.86666666666667,-0.04002401903660299,0.15225626854427227,0.4077399006791325,-0.040512157754208834,-0.13930773139651295,0.41229573859596874,-0.04026808839540592,0.006474268573879655,0.41001781963755063,-0.07815544816596447,0.009700065687767349,0.5867616492946847
4.9,-0.039858373071605245,0.15379983917136342,0.40717642316770286,-0.04045898755530277,-0.13774481346386974,0.41282574012159645,-0.04015868031345401,0.008027512853746838,0.41000108164464966,-0.07799870639504333,0.011930877359252473,0.5867413863036479
4.93333333333333,-0.03970996093510865,0.15513063563768037,0.4066857815388659,-0.040407127388451536,-0.1363939813799247,0.4132790835702752,-0.0400585441617801,0.009368327128877826,0.40998243255457056,-0.07785525381342519,0.013856586690575108,0.586718120475516
4.96666666666667,-0.03963596629422627,0.1562055530033638,0.40628135005625476,-0.040411710744629716,-0.13530060421940351,0.41363787924910483,-0.04002383851942799,0.010452474391980146,0.40995961465267977,-0.07780546438055279,0.015413661647612454,0.5866858845945825
5.0,-0.03966106133895295,0.15701360357959854,0.4059672998175016,-0.04049742627535751,-0.13447733331431785,0.41389788632811614,-0.04007924380715523,0.01126813513264033,0.4099325930728089,-0.0778846601952794,0.016585128815956317,0.5866434280240531
5.03333333333333,-0.03978886156625623,0.15757226764027354,0.40573827399280443,-0.04066952715597711,-0.13390747059424557,0.4140657362027203,-0.04022919436111667,0.011832398523013987,0.40990200509776237,-0.07809918353308719,0.017395533499393972,0.5865914348003429
5.06666666666667,-0.0400121522124968,0.15791741328566464,0.40558209806793166,-0.04092339726105502,-0.13355512983291934,0.41415450965680217,-0.04046777473677591,0.012181141726372646,0.4098683038623669,-0.07844056025432958,0.0178964040457417,0.5865308139088745
5.1,-0.040317323760039755,0.15809048951492488,0.4054844393394848,-0.04124815847806518,-0.1333783659628148,0.41417925579680853,-0.04078274111905247,0.012356061776055043,0.40983184756814667,-0.07889125744715422,0.018147626900228295,0.5864626429464074
5.13333333333333,-0.04068486910585678,0.1581263211883899,0.4054337528992403,-0.041626329529248704,-0.13334176419760665,0.41415320550218193,-0.04115559931755274,0.012392278495391621,0.40979347920071113,-0.07942479856125419,0.01819964189819291,0.5863890115304601
5.16666666666667,-0.04109015631107815,0.15804441993088827,0.4054248147310879,-0.04203400146669905,-0.13342542232073126,0.41408508113233483,-0.0415620788888886,0.012309498805078502,0.40975494793171136,-0.08000644551142681,0.018080752455214465,0.5863136136085095
5.2,-0.04150658990410372,0.1578458824070099,0.40545973957765735,-0.04244384159389101,-0.13362816925094675,0.41397788311760486,-0.04197521574899737,0.012108856578031577,0.4097188113476311,-0.08059761237392957,0.0177925869873944,0.586241458072786
5.23333333333333,-0.041909230320751396,0.15751590470304777,0.4055466387435597,-0.042828981619353376,-0.13396498843745125,0.4138293310333898,-0.04236910597005238,0.01177545813279826,0.40968798488847474,-0.0811612372589261,0.017313754776197725,0.5861780325955062
5.26666666666667,-0.04227429871473497,0.15702934321189913,0.40569741070817017,-0.0431629581497642,-0.13446128574309796,0.41363362616839433,-0.042718628432249585,0.011284028734400578,0.40966551843828225,-0.08166138428886413,0.016607955487586423,0.5861289896993128
5.3,-0.04257131388757621,0.15635573831256974,0.40592645435757624,-0.043412151001348626,-0.13514767738146016,0.41338377503353124,-0.042991732444462416,0.010604030465554784,0.40965511469555377,-0.08205220741098708,0.0156313294262322,0.5861012670475482
5.33333333333333,-0.04275028044516962,0.15546230995295968,0.40625066611963356,-0.04352314509600609,-0.13605682850179573,0.4130737588810565,-0.04313671277058786,0.009702740725581964,0.40966221250034507,-0.08225974298308704,0.014336878783837294,0.586105269577473
5.36666666666667,-0.042733354294369495,0.15431731930572518,0.40668875741744265,-0.04341490322729144,-0.13721991234866066,0.41270025060560733,-0.04307412876083047,0.008548703478532253,0.409694504011525,-0.08217034341776022,0.012679424228020725,0.5861560076457816
5.4,-0.04242292659389249,0.15289807756923054,0.4072569130064455,-0.04298822279947881,-0.13865838447410322,0.4122638962275431,-0.04270557469668565,0.007119846547563651,0.4097604046169943,-0.08164320821942642,0.010627263021692031,0.5862704548821265
5.43333333333333,-0.04173142336843214,0.1512048391650171,0.4079599305488502,-0.04215760468307125,-0.14036995483802192,0.41177016303187614,-0.041944514025751695,0.005417442163497588,0.4098650467903632,-0.08055446826749503,0.008182219596470005,0.5864602521569595
5.46666666666667,-0.040623990358955815,0.14927523959539526,0.40878149941961606,-0.04089541843454412,-0.14231435688411298,0.4112296725588575,-0.04075970439674997,0.003480441355641139,0.4100055859892368,-0.07885929296635993,0.0054002335253162,0.5867228032266227
5.5,-0.03915269179683703,0.14718939069926482,0.40968044865155306,-0.03926533471555328,-0.1444089491823615,0.41065794026520663,-0.039209013256195156,0.0013902207584516797,0.41016919445837985,-0.07664030111985083,0.002398178056262405,0.5870367206756809
5.53333333333333,-0.03746045301079592,0.14505834885824767,0.4105977470754578,-0.03742287038437018,-0.14654117876136508,0.4100742209851341,-0.03744166169758305,-0.0007414149515587047,0.4103359840302959,-0.0741108678675085,-0.0006633700371387327,0.5873659316299396
5.56666666666667,-0.035747752468110044,0.142997968997705,0.411472233659462,-0.03557779959017287,-0.14859530404842994,0.40949885324407986,-0.03566277602914146,-0.002798667525362457,0.41048554345177096,-0.07156451211993364,-0.003618096018785814,0.5876708504100089
5.6,-0.03421625854002124,0.1410997031485177,0.4122570089636068,-0.0339352426529117,-0.15048139888619352,0.4089491446530762,-0.03407575059646647,-0.00469084786883791,0.41060307680834146,-0.06929245364262943,-0.006335746089454138,0.5879200733306036
5.63333333333333,-0.033016214801975294,0.13941242210628213,0.4129283547291302,-0.03264347426881402,-0.15215272645818387,0.4084355597106386,-0.032829844535394656,-0.00637015217595087,0.41068195721988443,-0.06750854647624926,-0.00874765936505186,0.5880966528077552
5.66666666666667,-0.032219415451891886,0.1379427586174278,0.4134844914016113,-0.03176937692095137,-0.15360457212943943,0.4079607789091087,-0.03199439618642163,-0.00783090675600581,0.41072263515536,-0.06631225211360946,-0.01084568439850308,0.5881978024312379
5.7,-0.03179697963768802,0.1366663425095288,0.41394079640413,-0.031279073559493206,-0.15486256095699558,0.40752283591013766,-0.03153802659859061,-0.009098109223733383,0.41073181615713383,-0.06565876352800909,-0.012665722144777167,0.5882347360449846
5.73333333333333,-0.031663754525554616,0.13553264232591833,0.41432358070739456,-0.031083062512826186,-0.15597759989779197,0.40711237585228033,-0.0313734085191904,-0.010222478785936823,0.4107179782798374,-0.06542308317731013,-0.014280617260699888,0.5882240071551114
5.76666666666667,-0.03179242264778999,0.13448385359831694,0.41465534483499367,-0.031149425258119742,-0.15700720829126444,0.40671132866913434,-0.031470923952954866,-0.011261677346473757,0.410683336752064,-0.0655628169995826,-0.015773186722036907,0.5881703172067588
5.8,-0.0322498879199886,0.13355605578181054,0.4149198051549851,-0.031544404233279,-0.15791650651676706,0.4063286632127343,-0.0318971460766338,-0.012180225367478256,0.4106242341838597,-0.0661732961802178,-0.017092471591286636,0.5880650820469913
5.83333333333333,-0.032971791849089764,0.13284455457733335,0.4150914420680183,-0.03220938583528659,-0.15861284861366642,0.4060051412678318,-0.03259058884218818,-0.012884147018166533,0.41054829166792506,-0.06716641410789113,-0.018103495951146343,0.5879222182275666
5.86666666666667,-0.03363856231597394,0.13235430069253265,0.4151945402220527,-0.03283213483080762,-0.15909216690563258,0.4057676531820425,-0.03323534857339078,-0.013368933106549963,0.41048109670204763,-0.06808974675545221,-0.018799782284349194,0.5877941416926744
5.9,-0.03395423650178157,0.13194922712170362,0.4152977622167773,-0.033116140946438576,-0.15948790344643674,0.40558918240038894,-0.03353518872411008,-0.013769338162366552,0.41044347230858313,-0.06851913068845555,-0.01937487463596663,0.5877255663980658
5.93333333333333,-0.03396577994243494,0.1314792510988465,0.4154458476625868,-0.03309900746847104,-0.1599467049314625,0.40540986951887353,-0.03353239370545299,-0.014233726916308016,0.41042785859073017,-0.06851516199817821,-0.02004186574196234,0.5877036622561858
5.96666666666667,-0.03395283315928091,0.13094507073345069,0.4156155839086961,-0.03305413385833496,-0.16046773924664937,0.40520758126309153,-0.033503483508807934,-0.014761334256599343,0.4104115825858938,-0.06847380247589095,-0.020799656899379633,0.5876821514073309
6.0,-0.03402168045784974,0.13051613418147603,0.4157448544406096,-0.03309534855524947,-0.16088577746981206,0.40503841734961504,-0.033558514506549605,-0.015184821644168013,0.41039163589511235,-0.06855263329257157,-0.02140790326903015,0.5876511180808442
6.03333333333333,-0.03395327421713369,0.13037876888186137,0.4157935446967438,-0.033020427676023506,-0.16101958821826848,0.4049913561833784,-0.0334868509465786,-0.015320409668203557,0.41039245044006106,-0.06845002558913219,-0.021602645695471063,0.5876559521788165
6.06666666666667,-0.03351093035551328,0.130566609716218,0.4157704871568177,-0.032600756393348376,-0.16083660022442603,0.40509805446085523,-0.03305584337443083,-0.015134995254104014,0.41043427080883643,-0.06783282572698963,-0.02133633861067111,0.5877372430295454
6.1,-0.032736377305825806,0.13097959148090854,0.4157022927926687,-0.031870153873547066,-0.16043408234349063,0.4053157454772992,-0.032303265589686436,-0.014727245431291043,0.41050901913498394,-0.06675508005239755,-0.02075069582752227,0.5878815921129525
6.13333333333333,-0.031915483879836545,0.13148826147057285,0.4156055329285919,-0.031098754931574508,-0.15993791224443515,0.4055716788506534,-0.031507119405705525,-0.014224825386931155,0.41058860588962265,-0.06561486236978015,-0.020029080671040637,0.5880349685172269
6.16666666666667,-0.03136322612013541,0.1319838987598909,0.41549045540442064,-0.030587649587397844,-0.15945404166482371,0.40580100949432285,-0.03097543785376663,-0.013735071452466425,0.41064573244937175,-0.06485335054168792,-0.01932565815270256,0.5881429760660839
6.2,-0.03119936676939238,0.13242427121687358,0.4153626510924708,-0.03045223548120048,-0.1590237815957424,0.40597999120440337,-0.03082580112529643,-0.013299755189434407,0.4106713211484371,-0.0646390039074039,-0.018700423709697062,0.588186783056475
6.23333333333333,-0.031280185463870985,0.13287221820425849,0.41521349164438587,-0.03055636172890228,-0.15858579013309912,0.4061434610367295,-0.03091827359638663,-0.012856785964420296,0.4106784763405577,-0.06477141730444987,-0.018064197959315534,0.5881921001576337
6.26666666666667,-0.03129856055369805,0.13349075001786176,0.41501366216503277,-0.030609101188703237,-0.15798045604091684,0.40637533568200707,-0.030953830871200644,-0.012244853011527546,0.41069449892351995,-0.06482230165376704,-0.01718529454673146,0.5882128299306625
6.3,-0.03097295796761624,0.13444352257309394,0.4147304367050615,-0.030343408342131954,-0.15704676502050544,0.406756986644258,-0.030658183154874098,-0.011301621223705746,0.41074371167465973,-0.06439879278550797,-0.015830556955801735,0.5882973630653351
6.33333333333333,-0.030212538275790873,0.13575026195253653,0.4143606990623608,-0.02966901086580234,-0.15576372950039338,0.407299724261524,-0.029940774570796604,-0.010006733773928425,0.4108302116619424,-0.06337114721654784,-0.013970749545734738,0.5884560427873753
6.36666666666667,-0.029153238544354677,0.13724236396630518,0.41394485409534076,-0.028706911479848295,-0.1542951945938888,0.4079271518000027,-0.028930075012101486,-0.008526415313791814,0.41093600294767174,-0.06192330107853971,-0.011844618084404625,0.5886567830589906
6.4,-0.02803901553168455,0.1386832077652373,0.4135414145024108,-0.027682881970651375,-0.15287355552291293,0.40853272706690485,-0.027860948751167965,-0.007095173878837802,0.4110370707846578,-0.06039163660120007,-0.009788979229093315,0.588853652913582
6.43333333333333,-0.027049781786302334,0.1399288908242825,0.41318752986349455,-0.02676772918424796,-0.1516416529983345,0.4090525061253039,-0.026908755485275146,-0.00585638108702599,0.41112001799439923,-0.05902738397436028,-0.008009751116904076,0.5890188539118056
6.46666666666667,-0.02622473071422834,0.14096197404710428,0.4128894590424978,-0.026001136005672856,-0.15061800659023342,0.40947992873197,-0.0261129333599506,-0.004828016271564578,0.4111846938872339,-0.05788709103181373,-0.00653275497580989,0.5891502408042356
6.5,-0.025523741881154843,0.14180737549383232,0.4126438256809766,-0.02534610592056738,-0.14977898047646143,0.4098286067848796,-0.025434923900861113,-0.0039858024913145594,0.41123621623292805,-0.05691554982946198,-0.005323121421023536,0.5892570602049121
6.53333333333333,-0.024921153345631542,0.1424882463473447,0.41244606409260187,-0.02477934433050527,-0.1491023608388329,0.4101098939357316,-0.024850248838068405,-0.0033070572457441047,0.41127797901416674,-0.0560777104495696,-0.004348271548891168,0.5893453837612199
6.56666666666667,-0.02441392004674157,0.14308270470710824,0.41227056666508044,-0.024302205206936812,-0.14851096857199625,0.4103529578948198,-0.02435806262683919,-0.0027141319324440146,0.4113117622799501,-0.05537237537846664,-0.003496681700666376,0.589417739551007
6.6,-0.023959327907685218,0.1437522133386612,0.41206428112995286,-0.0238799147106937,-0.14784419134541132,0.4106184357478019,-0.023919621309189457,-0.002045989003375051,0.41134135843887737,-0.054744027957694945,-0.0025370614381477166,0.5894813425017068
6.63333333333333,-0.023453279419450707,0.14462888392299,0.4117865340639009,-0.023414488541371688,-0.14696993910299103,0.41095894410944434,-0.023433883980411196,-0.0011705275900005137,0.4113727390866726,-0.05404786473516848,-0.001279681606489858,0.5895496494511241
6.66666666666667,-0.022800930462518923,0.1456615890151779,0.41145903693115493,-0.022808168331555145,-0.14593839423257066,0.4113604594067331,-0.022804549397037036,-0.00013840260869638643,0.41140974816894404,-0.05314586266864049,0.00020270365606079013,0.5896329999481221
6.7,-0.022012423043840327,0.14661682858230962,0.41116259414604023,-0.022060024624672703,-0.1449825977147693,0.41173906383846615,-0.022036223834256515,0.0008171154337701677,0.41145082899225316,-0.05204460630872752,0.001575060271857233,0.5897291552693472
6.73333333333333,-0.02122641705457351,0.14726073358118566,0.4109737650761337,-0.02129918212182736,-0.14433743135333288,0.41200571084440496,-0.021262799588200435,0.0014616511139263913,0.41148973796026933,-0.05093599099875723,0.0025007692593213143,0.5898227440591576
6.76666666666667,-0.02062626904985609,0.14753982757737763,0.41090421793919,-0.020708636569033104,-0.14405756863388722,0.41213374565532107,-0.020667452809444598,0.0017411294717452049,0.41151898179725555,-0.05008259368517683,0.0029021674111807767,0.5898939817199963
6.8,-0.020287310996553714,0.14758750401035192,0.4109039713719256,-0.02037053497364962,-0.14400974744592257,0.4121673070035871,-0.020328922985101666,0.0017888782822146738,0.4115356391877563,-0.04959731685882487,0.0029707461707743164,0.5899346398229065
6.83333333333333,-0.020058009814422868,0.1475702822542084,0.4109214134775584,-0.020139859838940594,-0.1440270219431863,0.4121726070628482,-0.020098934826681732,0.0017716301555110463,0.4115470102702033,-0.04926762751962223,0.0029459737189935454,0.5899623891002062
6.86666666666667,-0.01960253115628499,0.14753473581822035,0.4109561564400898,-0.01968164157169225,-0.14406267562082523,0.41218228187921013,-0.01964208636398862,0.0017360300986975553,0.41156921915964995,-0.048612713703965624,0.0028948434864570012,0.5900169678771227
6.9,-0.018628317551962866,0.1473975630851651,0.4110506832477411,-0.01869953272665861,-0.14420024175952473,0.4121799034031615,-0.018663925139310738,0.0015986606628201872,0.41161529332545127,-0.047210391534258406,0.0026975479530022234,0.5901317654571829
6.93333333333333,-0.017125039847851724,0.1470747192047068,0.4112316622024171,-0.017181227864145554,-0.14452388349047082,0.4121326334167842,-0.017153133855998638,0.0012754178571179942,0.41168214780960066,-0.04504425140721332,0.002233293400572077,0.590302995292366
6.96666666666667,-0.015382196369693001,0.14659620962619663,0.4114713348154075,-0.015419866880337725,-0.1450032452635786,0.4120339082958627,-0.015401031625015363,0.0007964821813090182,0.4117526215556351,-0.04253178138529933,0.001545425919110389,0.5904915390302472
7.0,-0.013763384096473527,0.14604709315694722,0.4117238587394659,-0.013783524298276083,-0.1455528540961589,0.41189808950700585,-0.013773454197374805,0.0002471195303941604,0.41181097412323586,-0.040197545467485,0.0007564075976689288,0.5906565699468042
7.03333333333333,-0.012477635826709667,0.14536767867825343,0.412005177900192,-0.012479810202150275,-0.1462321605687141,0.4116989975332275,-0.01247872301442997,-0.0004322409452303309,0.4118520877167097,-0.03834044777405604,-0.0002193201906521836,0.5907804671775525
7.06666666666667,-0.011523655708145729,0.14424573511655692,0.4124270763134993,-0.01149966957215873,-0.14735219270575592,0.4113280247219696,-0.01151166264015223,-0.001553228794599503,0.41187755051773445,-0.03695323031471718,-0.001829335278995831,0.5908660683582472
7.1,-0.010831750081526745,0.14228700928569446,0.41312564698333704,-0.010765193412877449,-0.14930242355474752,0.4106440696620401,-0.010798471747202096,-0.0035077071345265293,0.41188485832268856,-0.03593013995365883,-0.0046364554333471345,0.5909138065397638
7.13333333333333,-0.01031527463948027,0.13939414972686012,0.41412387778022963,-0.010189153647500794,-0.15217079969495603,0.40960454573318095,-0.010252214143490533,-0.006388324984047958,0.4118642117567053,-0.03514651418250303,-0.008773760232053724,0.5909139887560607
7.16666666666667,-0.009783591612096654,0.1359088045923111,0.4152936288773926,-0.009591473318319851,-0.15560786832998913,0.4083256665585952,-0.009687532465208253,-0.009849531868839006,0.4118096477179939,-0.03433642562514965,-0.01374496550699657,0.5908668921456747
7.2,-0.008967988269450403,0.13238579146208213,0.4164484330887245,-0.008722373008205954,-0.15906139058123786,0.4070123453319431,-0.008845180638828179,-0.013337799559577878,0.4117303892103338,-0.03312786116058477,-0.018755065919979882,0.5907980964362111
7.23333333333333,-0.00772299939833092,0.1292147959033984,0.4174680967650501,-0.007452125819883538,-0.1621521890759963,0.405816200287479,-0.007587562609107228,-0.01646869658629895,0.4116421485262645,-0.03132326202524342,-0.02325190947919919,0.5907366590935909
7.26666666666667,-0.006183489304695328,0.1264355982988907,0.41834378680639805,-0.005916072705178101,-0.1648474462247255,0.4047542150170565,-0.006049781004936714,-0.019205923962917388,0.41154900091172725,-0.029116342776979425,-0.027183352384669915,0.5906817267969381
7.3,-0.004666678152296761,0.12387249101621192,0.4191295123242434,-0.004418664608161503,-0.16732190549724116,0.4037567465207153,-0.004542671380229132,-0.02172470724051461,0.41144312942247935,-0.02695314463589396,-0.030801062670277286,0.5906068243493352
7.33333333333333,-0.0034123409224522472,0.12139338366917617,0.4198663148520895,-0.0031866570108842816,-0.1697050715862137,0.4027725026763289,-0.0032994989666682646,-0.024155843958518778,0.4113194087642092,-0.025168569053864092,-0.03429290112209484,0.5904931316279635
7.36666666666667,-0.0024501887264842767,0.11902928900980664,0.4205493371172059,-0.0022448936518600048,-0.1719683825881194,0.40181773338126625,-0.0023475411891721405,-0.02646954678915636,0.41118353524923607,-0.023801902267830827,-0.03761608248472862,0.5903474385667503
7.4,-0.001720585104339864,0.11689869474773007,0.42115015703413017,-0.0015334417185752563,-0.17400041160570223,0.4009453333494259,-0.0016270134114575602,-0.02855085842898607,0.41104774519177806,-0.022767408998474303,-0.04060549025994653,0.5901901707785668
7.43333333333333,-0.0012680900335099786,0.11508817547580878,0.421650120158898,-0.0010918276502028502,-0.17572143294665576,0.4001955033889018,-0.0011799588418564145,-0.030316628735423498,0.4109228117738999,-0.022125522244449435,-0.04314169109611384,0.5900346211792713
7.46666666666667,-0.0012586230876992493,0.11363524646319831,0.4220440340128836,-0.001074202820679981,-0.17709873970549833,0.39958795965364685,-0.001166412954189615,-0.03173174662115,0.4108159968332652,-0.022106083798696257,-0.04517425027241149,0.5898832143795913
7.5,-0.0017519667911403876,0.1125646980790716,0.4223290652742562,-0.001534103128137678,-0.178111408569177,0.39913610170245967,-0.0016430349596390328,-0.03277335524505272,0.41073258348835795,-0.022790452684182474,-0.04667033445582529,0.589740683337702
7.53333333333333,-0.002585180560352736,0.11184440736951794,0.4225161125901927,-0.0023157712321531555,-0.17879172755841538,0.3988280461269217,-0.0024504758962529453,-0.033473660094448715,0.4106720793585572,-0.02394976600580913,-0.04767619836804198,0.5896142698856824
7.56666666666667,-0.003601956660909159,0.11137612119092545,0.4226323527054856,-0.003271025726317927,-0.17923358335421058,0.39862297726780294,-0.0034364911936135426,-0.03392873108164256,0.41062766498664427,-0.02536536498276581,-0.04832982788896774,0.5895018442981347
7.6,-0.004873877483230703,0.11099812943298935,0.42271903268879735,-0.00446628232970342,-0.17958998644236365,0.3984509306162094,-0.004670079906467062,-0.034295928504687156,0.4105849816525034,-0.027136232853469704,-0.04885724283431529,0.5893794983917742
7.63333333333333,-0.006644639428979647,0.11056919946609836,0.42280730943655853,-0.00612918109574398,-0.17999414323135457,0.3982464018150653,-0.006386910262361814,-0.034712471882628104,0.4105268556258119,-0.029600508449187896,-0.0494555350127331,0.5892109625520745
7.66666666666667,-0.009006929233422147,0.11007937282132182,0.42289138903712065,-0.008345328942537224,-0.1804553220023988,0.3979973457989283,-0.008676129087979685,-0.03518797459053848,0.4104443674180245,-0.03288581599895911,-0.05013851253005312,0.5889789903746522
7.7,-0.011669148270300807,0.10967587308149244,0.4229311455298071,-0.010841790526995448,-0.18083493660249342,0.3977648002265676,-0.011255469398648127,-0.03557953176050049,0.41034797287818736,-0.0365867221940665,-0.050700917185943696,0.5887125165910664
7.73333333333333,-0.014085181751701432,0.10954843151309686,0.42289061094417624,-0.013110717340382997,-0.1809547805926141,0.3976419639432435,-0.013597949546042216,-0.03570317453975861,0.41026628744370985,-0.03994707099018319,-0.05087850888871483,0.588478722884655
7.76666666666667,-0.015827807386960532,0.10975972875808208,0.42277417432119746,-0.0147554291503121,-0.18075606602548835,0.39767471245066577,-0.015291618268636316,-0.03549816863370313,0.4102244433859316,-0.04237625825843994,-0.05058405299176022,0.5883341777887199
7.8,-0.01686016756815647,0.11018971324995375,0.42262238684215886,-0.01573968292720392,-0.18035146816768854,0.39782064467326306,-0.016299925247680196,-0.03508087745886739,0.410221515757711,-0.043822271493800614,-0.04998468594965806,0.5882794728078025
7.83333333333333,-0.017510637500659558,0.11066856963007977,0.42247078631196433,-0.01636716823460654,-0.1799005382960481,0.3979994562080613,-0.016938902867633047,-0.034615984332984163,0.4102351212600128,-0.04473855741895846,-0.04931694737769788,0.588266860036161
7.86666666666667,-0.018229317433969116,0.11116887509411416,0.4223090020505099,-0.0170606739366017,-0.17942902091931848,0.3981831423778561,-0.01764499568528541,-0.034130072912602165,0.410246072214183,-0.04575102801322307,-0.04861902021292781,0.588247084773615
7.9,-0.01931310289631632,0.11184288653635302,0.42208280325598374,-0.01810589934063103,-0.1787931631199583,0.3984229363977019,-0.018709501118473675,-0.03347513829180264,0.41025286982684284,-0.04727731518089258,-0.047678321538033135,0.5882033930197876
7.93333333333333,-0.02075140636687132,0.11284630061852402,0.4217473314523844,-0.019500702983120753,-0.17784520829463393,0.398781217570415,-0.020126054674996036,-0.03249945383805495,0.41026427451139974,-0.04930814764028094,-0.04627692390332835,0.5881485792941424
7.96666666666667,-0.022286778993960657,0.11413059335149807,0.42132318611726804,-0.02100323673029089,-0.17662955424486754,0.39924493688868623,-0.02164500786212577,-0.031249480446684724,0.41028406150297714,-0.051485500191668865,-0.04448156218793015,0.5881005291025705
8.0,-0.023666698124648087,0.11544369970592122,0.42088996140889673,-0.022365784668227626,-0.1753838981958028,0.39971979554052495,-0.023016241396437855,-0.02997009924494078,0.4103048784747108,-0.053450850446564675,-0.04264396530745256,0.5880613039852087
8.03333333333333,-0.02487705397573812,0.11656314766297013,0.4205114562162196,-0.02356438413795903,-0.17431976934507168,0.400116224155957,-0.024220719056848576,-0.028878310841050765,0.4103138401860883,-0.05517700291272434,-0.041075814224180614,0.5880134983746361
8.06666666666667,-0.026112545805135223,0.1175186783837805,0.42017045969368316,-0.024783867817003504,-0.1734098641612663,0.400437802816793,-0.025448206811069365,-0.02794559288874291,0.41030413125523807,-0.0569359550941132,-0.03973614052344561,0.5879378662658244
8.1,-0.02749595977228932,0.11855440825177374,0.41979107243600255,-0.026152315626191882,-0.17242192842718393,0.40077723238973967,-0.0268241376992406,-0.026933760087705098,0.41028415241287114,-0.05890740173482041,-0.03828283558302725,0.5878400640956379
8.13333333333333,-0.028866843113786872,0.11985899116988481,0.4193283291420677,-0.02752712741276451,-0.17117508191571848,0.40121939584806815,-0.02819698526327569,-0.025658045372916834,0.4102738624950679,-0.06087418221031786,-0.03645051804808415,0.5877561502099656
8.16666666666667,-0.029928295096363623,0.12135564068222188,0.41882314363455275,-0.028621269861769515,-0.16974127669626207,0.4017516358574823,-0.029274782479066567,-0.0241928180070201,0.41028738974601753,-0.062418073876152266,-0.0343460070074683,0.5877209663536112
8.2,-0.030629548197405893,0.12279040627859047,0.41835399713622695,-0.02937108487000965,-0.16836334382276774,0.40227699268975786,-0.03000031653370777,-0.022786468772088616,0.4103154949129924,-0.06345725803008535,-0.03232606762625689,0.5877242552341312
8.23333333333333,-0.03133654687781244,0.12402081887440576,0.41793848510539594,-0.030118673785538515,-0.16717900049629583,0.4027154110530166,-0.030727610331675478,-0.021579090810945036,0.4103269480792063,-0.06449890676130453,-0.03059191443078414,0.5877036874424427
8.26666666666667,-0.03253178611326716,0.1251705830625879,0.41750416530227474,-0.03133610021205938,-0.16607005277668707,0.4030811846407476,-0.03193394316266327,-0.02044973485704957,0.4102926749715112,-0.0662265542452127,-0.02896982713402379,0.5875937295989628
8.3,-0.03431111409409099,0.12647048545438613,0.4169696437095282,-0.033132248250346295,-0.16481369146745556,0.403453040945149,-0.033721681172218645,-0.01917160300653471,0.41021134232733864,-0.06878655243930783,-0.027134057546117148,0.5873872245461138
8.33333333333333,-0.03621829265424733,0.12797279041777765,0.4163495168804638,-0.035073062766931146,-0.16335825315379998,0.4038806957652547,-0.035645677710589234,-0.017692731368011177,0.41011510632285925,-0.07154121844099195,-0.02500997199463314,0.5871524110486086
8.36666666666667,-0.037637058198090705,0.1294681075772724,0.4157609661659571,-0.036548163923561014,-0.16190589540084518,0.404334475113621,-0.037092611060825856,-0.016218893911786398,0.41004772063978906,-0.07361252188079453,-0.022893122138604532,0.5869827084476039
8.4,-0.03835939458395391,0.13069129287694015,0.4153120066046768,-0.03733319298818562,-0.16071510597938715,0.40473762171125327,-0.03784629378606977,-0.0150119065512235,0.41002481415796505,-0.07469128953662099,-0.021159548766941767,0.5869114781623583
8.43333333333333,-0.03873868520799094,0.13157837470839515,0.41499658503914233,-0.03776338955085338,-0.15984996867338994,0.40504020657446715,-0.03825103737942216,-0.014135796982497388,0.4100183958068047,-0.0752705620798219,-0.01990121114159088,0.5868814894973889
8.46666666666667,-0.03927745447483523,0.13229623576351712,0.4147176239195507,-0.038338974364221026,-0.1591489101675701,0.4052621404157001,-0.03880821441952813,-0.013426337202026479,0.4099898821676254,-0.07606800329427982,-0.018882230411423034,0.586812336854722
8.5,-0.04010491926991046,0.13303830866902697,0.41440092168519055,-0.0392000990248904,-0.1584233061417089,0.4054640099006439,-0.03965250914740043,-0.012692498736340966,0.40993246579291726,-0.07727632504718053,-0.017828236391945206,0.5866874142247673
8.53333333333333,-0.04088746578523124,0.13383361407641176,0.41406822976606694,-0.0400231993314803,-0.15764463309274565,0.4056870323161273,-0.04045533255835577,-0.011905509508166958,0.40987763104109715,-0.07842520378288355,-0.016697904665462695,0.5865682107195929
8.56666666666667,-0.04120973475141156,0.13454826333213613,0.4138045947216164,-0.040391025583594364,-0.15694402949379865,0.4059221497722136,-0.04080038016750296,-0.011197883080831252,0.409863372246915,-0.07891892615058535,-0.01568156087413552,0.5865300420090838
8.6,-0.040968929766416695,0.13501348569856242,0.4136769578910762,-0.04018857039507423,-0.1564874920999794,0.4061184539552461,-0.04057875008074546,-0.010737003200708483,0.40989770592316116,-0.07860172182187757,-0.01501961279601857,0.5865899581423826
8.63333333333333,-0.04038252767262424,0.13512924432378484,0.41369681991036544,-0.03962117600992501,-0.15637383827692364,0.4062179712066828,-0.04000185184127463,-0.010622296976569407,0.4099573955585241,-0.07777611308694102,-0.014854863732597577,0.5867041909616477
8.66666666666667,-0.039686502947598755,0.13489005564774642,0.41384220952898804,-0.038920878852242505,-0.15660865317103662,0.40619521163901395,-0.039303690899920626,-0.0108592987616451,0.41001871058400097,-0.07677694133811633,-0.015195262227522788,0.5868270645769404
8.7,-0.0389133052248737,0.13437058861604328,0.41408455610919687,-0.038126065567643155,-0.15711829185421736,0.40607376239580545,-0.03851968539625843,-0.011373851619087048,0.41007915925250116,-0.07565486235429794,-0.015934299389892374,0.5869531824093757
8.73333333333333,-0.037970171719744227,0.13370314502008968,0.41438804892034076,-0.03715616125999829,-0.15777244591900416,0.4059100023481759,-0.03756316648987126,-0.012034650449457248,0.41014902563425837,-0.07428577874202234,-0.016883386268949807,0.5871015012586606
8.76666666666667,-0.036857714705016455,0.13303836002271702,0.41470233137261997,-0.036022927800619844,-0.15842325589600637,0.40575864215210516,-0.036440321252818146,-0.012692447936644676,0.41023048676236257,-0.07267847416706125,-0.017828163429643298,0.5872747180126708
8.8,-0.03572922250367341,0.13248480329534898,0.41497821577978333,-0.034883610828196215,-0.15896461433237366,0.40564644717153253,-0.035306416665934814,-0.013239905518512335,0.41031233147565793,-0.07105517084269933,-0.018614463079317953,0.5874489449272777
8.83333333333333,-0.03470648009913872,0.1320579001991907,0.415201025108086,-0.03385750568030843,-0.15938176206468155,0.4055696959184764,-0.03428199288972358,-0.013661930932745425,0.41038536051328117,-0.0695884587396943,-0.01922060812436789,0.5876049804664284
8.86666666666667,-0.03366722683262688,0.1316788926569028,0.415406917470989,-0.032819631052098064,-0.15975185500810984,0.4055093977409307,-0.03324342894236247,-0.014036481175603516,0.41045815760595983,-0.06810136567303063,-0.019758566065532075,0.5877613473986619
8.9,-0.03228072318209922,0.13124196759794157,0.4156551706265162,-0.03144098929593692,-0.160178207347526,0.4054504422246522,-0.031860856239018076,-0.014468119874792209,0.41055280642558417,-0.06612148485833845,-0.02037851926207196,0.5879662095972882
8.93333333333333,-0.030321461359894938,0.13072906478355392,0.41596422997478344,-0.029501975298149706,-0.16067829505209008,0.4053982905363578,-0.02991171832902232,-0.014974615134268076,0.4106812602555706,-0.06332986259904955,-0.02110598785721156,0.5882477915089398
8.96666666666667,-0.02797745317149121,0.13029317826499937,0.41626514366247247,-0.027195552294842846,-0.16110294824722507,0.4053910421044978,-0.02758650273316703,-0.015404884991112837,0.41082809288348515,-0.05999899019056915,-0.0217239759712185,0.5885743695400796
9.0,-0.025821080707779026,0.1301991300941537,0.4164338823036674,-0.025091112403438545,-0.1611945314397569,0.40549033789896344,-0.025456096555608786,-0.015497700672801594,0.4109621101013154,-0.0569465861027227,-0.021857285362792907,0.5888726040861495
9.03333333333333,-0.024417521496168538,0.13061715848201566,0.4163876349878379,-0.023743027430882347,-0.1607873474042008,0.405733105107628,-0.024080274463525442,-0.015085094461092576,0.41106037004773294,-0.054975016435097224,-0.02126466709472674,0.5890816241716419
9.06666666666667,-0.023923535193521736,0.1314473692442318,0.4161549874737916,-0.02329797295422406,-0.159977815459831,0.4060787584127798,-0.0236107540738729,-0.014265223107799598,0.4111168729432857,-0.05430209888539939,-0.02008710303078671,0.5891853602932265
9.1,-0.024058816340422028,0.1323656464344357,0.41585601957527146,-0.02347040591944363,-0.15908107875962535,0.4064209707234492,-0.02376461112993283,-0.013357716162594806,0.4111384951493603,-0.05452254493612861,-0.018783671657388003,0.5892079974068102
9.13333333333333,-0.024443900780075536,0.13306276140820525,0.4156110167666079,-0.023877947298225666,-0.15839938048871047,0.4066634172270186,-0.0241609240391506,-0.01266830954025261,0.4111372169968132,-0.05509045775940269,-0.017793494070206257,0.5891859056936285
9.16666666666667,-0.02493020107077627,0.13344694049339448,0.415458925965275,-0.0243713015220127,-0.1580233517657536,0.40678042599906444,-0.024650751296394484,-0.012288205636179569,0.4111196759821697,-0.05579237508334809,-0.01724756076676604,0.5891360886633444
9.2,-0.025608142019196554,0.1336361307473264,0.415356867811169,-0.025043929913162996,-0.15783808480798225,0.40681149882444706,-0.025326035966179775,-0.01210097703032794,0.41108418331780805,-0.05676002195898695,-0.016978649339150605,0.5890514610874179
9.23333333333333,-0.02655012357899334,0.13379560771392016,0.41524636820940375,-0.025974244183786764,-0.15768186861113737,0.4068137435823934,-0.026262183881390053,-0.011943130448608603,0.4110300558958986,-0.05810138595197488,-0.016751938589651818,0.5889271601304668
9.26666666666667,-0.027595673288571095,0.1340013904668801,0.41511182371186434,-0.027008876434884515,-0.15748023074103168,0.4068244738663308,-0.027302274861727805,-0.011739420137075773,0.41096814878909754,-0.05959155826432507,-0.016459355100410238,0.5887864929231109
9.3,-0.028395374734926985,0.13423379604820423,0.41498278362945246,-0.02780457804107276,-0.1572524213111738,0.40685898840860246,-0.028099976387999874,-0.01150931263148478,0.41092088601902743,-0.0607343570974057,-0.01612885816922529,0.5886788566251638
9.33333333333333,-0.02866239923693939,0.13446827047801768,0.41488850444586883,-0.02807855825404099,-0.1570224925608339,0.4069289697398031,-0.028370478745490188,-0.011277111041408105,0.410908737092836,-0.06112185496908988,-0.015795353690536477,0.5886477928968363
9.36666666666667,-0.02841208253093196,0.1347688805813037,0.4148081754375323,-0.02784854724969679,-0.15672757592910483,0.4070584483542976,-0.028130314890314374,-0.010979347673900564,0.4109333118959149,-0.06077778511063947,-0.015367684899615515,0.5886947371373888
9.4,-0.027997476109773572,0.1353073150136013,0.41466105658958313,-0.027469109615440943,-0.15619896161753843,0.4072873523983748,-0.02773329286260726,-0.010445823301968573,0.410974204493979,-0.060208975430290725,-0.01460140001821974,0.5887726868924296
9.43333333333333,-0.02790352609100321,0.13628096367531004,0.41434841883143986,-0.027426353883252944,-0.1552418381085415,0.407656009192177,-0.027664939987128077,-0.00948043721661574,0.4110022140118084,-0.060110988385768345,-0.013214846962503338,0.5888154509949888
9.46666666666667,-0.02843906286703647,0.13777720186584974,0.41381684640183314,-0.02803091500605624,-0.1537678934847654,0.40817319578130234,-0.028234988936546357,-0.00799534580945784,0.41099502109156777,-0.0609275406562312,-0.011081862136465809,0.588775530704665
9.5,-0.02955086270843965,0.13969865765979755,0.4130941195150742,-0.02923131482501233,-0.15186953677955536,0.40879925275017887,-0.02939108876672599,-0.0060854395598788965,0.4109466861326265,-0.06258350925256341,-0.008338738287335905,0.5886470659476678
9.53333333333333,-0.030896003439368453,0.1418350035478963,0.41226689020189283,-0.03068328255609458,-0.14975154027876797,0.40947364673793074,-0.030789642997731518,-0.003958268365435837,0.4108702684699118,-0.06458654480000797,-0.005283575429859001,0.5884660232306211
9.56666666666667,-0.03210377802239359,0.14401634796255916,0.4114174995948917,-0.03201138557616136,-0.14758092370611792,0.41015947772626643,-0.03205758179927747,-0.0017822878717793696,0.41078848866057904,-0.06640227130629996,-0.002158320986099398,0.5882836717530701
9.6,-0.03300862718930918,0.14618020684486888,0.4105819012993209,-0.033045008892158646,-0.1454196686671685,0.4108488802092424,-0.03302681804073391,0.00038026908885020446,0.41071539075428165,-0.06779006205322385,0.0009476427989288579,0.588128564087253
9.63333333333333,-0.03367160608412222,0.1482911276754024,0.40977028249150765,-0.03383986379438292,-0.1433035310795563,0.4115271760353726,-0.03375573493925257,0.002493798297923043,0.4106487292634401,-0.06883362684346929,0.0039831799855219105,0.5879946126693384
9.66666666666667,-0.03420907242750222,0.150238779783467,0.4090156090291929,-0.03450337512146188,-0.14134423389754353,0.4121492201451854,-0.034356223774482046,0.004447272942961747,0.41058241458718914,-0.06969324889800818,0.006788830859334217,0.5878676392428758
9.7,-0.03462637980866715,0.15185693991990057,0.40838242327040275,-0.03502835281959377,-0.1397113867538035,0.4126613598669198,-0.03482736631413046,0.00607277658304853,0.41052189156866126,-0.07036766065250409,0.009123431044564081,0.5877556922528759
9.73333333333333,-0.03482257229768029,0.15304825109487696,0.40792075371580333,-0.03530421700824987,-0.13850634315723728,0.41304389619480436,-0.03506339465296508,0.0072709539688198465,0.41048232495530385,-0.07070547133748048,0.010844287628945754,0.5876859162717393
9.76666666666667,-0.034729711586602485,0.1538729849715827,0.4076182915985779,-0.035263937109678525,-0.13767064723739822,0.41332662949040777,-0.034996824348140505,0.008101168867092239,0.4104724605444928,-0.07061008272089164,0.012036663986755345,0.5876741727978244
9.8,-0.03440973300347254,0.1545045983157792,0.40740645477287935,-0.03498036697146068,-0.13702983171966568,0.4135636035273926,-0.034695049987466614,0.00873738329805675,0.41048502915013596,-0.07017796510987849,0.012950410693998347,0.5877065071200775
9.83333333333333,-0.03400870381053886,0.15510347952837517,0.40721252279370623,-0.03461169127061458,-0.1364215774681734,0.4137956488964367,-0.03431019754057672,0.009340951030100875,0.4105040858450715,-0.06962689096258065,0.013817268529363979,0.5877523097195456
9.86666666666667,-0.03365352157240971,0.15573005902497639,0.40700283686793814,-0.034290634605637506,-0.1357845153306756,0.41403184997279674,-0.03397207808902361,0.00997277184715039,0.41051734342036744,-0.069142710495014,0.014724703170492615,0.5877874336333943
9.9,-0.03342248498029893,0.15634425761788007,0.4067863451793243,-0.03409450532210175,-0.13515936905509812,0.41425253732549333,-0.033758495151200336,0.010592444281390974,0.41051944125240886,-0.0688368361004787,0.015614689125258244,0.5878003656979006
9.93333333333333,-0.03338398740384983,0.15684100372356902,0.4065982402233189,-0.03408677562688219,-0.13465328123788406,0.41441795399858605,-0.03373538151536601,0.011093861242842477,0.4105080971109525,-0.06880369290661478,0.016334833537413496,0.5877846744268734
9.96666666666667,-0.033596734880278444,0.1570758773932045,0.4064900345189732,-0.03431860034547825,-0.13441383857574749,0.41447654781278104,-0.03395766761287834,0.011331019408728512,0.4104832911658771,-0.0691219465761583,0.01667544432071226,0.5877377684763996
10.0,-0.03404569226414731,0.15690514301538178,0.40651861820865515,-0.03476534857588831,-0.13458790393768175,0.4143828201907008,-0.034405520420017814,0.011158619538850025,0.41045071919967796,-0.06976319543788477,0.016427840569155333,0.5876689723406522
10.0333333333333,-0.034606980329749217,0.1562700681913489,0.40671580091831233,-0.03529588356778365,-0.13523491623386424,0.4141272425855723,-0.03495143194876643,0.010517575978742328,0.41042152175194235,-0.07054485798220457,0.015507161818542694,0.587600671698044
10.0666666666667,-0.03510313336359866,0.1552726709569465,0.4070551408576607,-0.03573500361286596,-0.1362496236641351,0.413756818173804,-0.03541906848823231,0.009511523646405697,0.4104059795157323,-0.07121446054623681,0.014062248681190933,0.5875562545037923
10.1,-0.035391319389605894,0.1541457465339793,0.40745829645994674,-0.035952929198607375,-0.13739399768691904,0.413359324678647,-0.035672124294106634,0.008375874423530142,0.41040881056929684,-0.07157685602131308,0.012431202934936178,0.5875489914135527
10.1333333333333,-0.03541111718480697,0.15310597783124846,0.40784841834774577,-0.03590398035562443,-0.1384478879351561,0.41301179346122513,-0.035657548770215694,0.0073290449480461735,0.4104301059044855,-0.07155609227260987,0.010927719466207226,0.5875814063100788
10.1666666666667,-0.03520213501246573,0.15220817693684768,0.40820240148830844,-0.03563323082589643,-0.13935635882802264,0.4127296126185327,-0.03541768291918108,0.006425909054412525,0.41046600705342057,-0.07121277839425796,0.009630610339266705,0.5876458031614382
10.2,-0.034913881866526476,0.1513321428342452,0.4085527180363663,-0.035284671864388446,-0.14024144685068243,0.4124596750396212,-0.03509927686545746,0.005545347991781388,0.41050619653799375,-0.07075700801673203,0.00836592196057049,0.5877202188130489
10.2333333333333,-0.03475090268777213,0.15030835202927412,0.40894436551849633,-0.03505385400115503,-0.14127412394098834,0.4121268060215354,-0.03490237834446358,0.004517114044142899,0.41053558577001587,-0.07047520272213442,0.0068891390054413686,0.587773241990843
10.2666666666667,-0.034814964518936814,0.1490626597065338,0.40939462837640656,-0.035037874328226415,-0.1425281722740118,0.4116961531128623,-0.034926419423581614,0.003267243716261001,0.4105453907446344,-0.07050973814617459,0.005094031323002967,0.5877873987308901
10.3,-0.03497291042660188,0.14765777626907708,0.4098899811659963,-0.035105810252233034,-0.14393925467543173,0.4111991343219921,-0.03503936033941746,0.0018592607968226753,0.41054455774399423,-0.07067156591731205,0.0030718323555818127,0.5877820106571504
10.3333333333333,-0.03494601757102061,0.14621346055600476,0.4104096975278,-0.03498579679984529,-0.14538639227866795,0.4106999464080967,-0.03496590718543295,0.0004135341386684104,0.41055482196794835,-0.07056653127242098,0.000995419507309438,0.5878018137430091
10.3666666666667,-0.03460037399556921,0.14479530613811792,0.4109414233883367,-0.03454973738706812,-0.1468038274265831,0.41023238160405007,-0.03457505569131866,-0.0010042606442325912,0.4105869024961934,-0.07000705362325742,-0.0010408812187314793,0.5878686311112945
10.4,-0.03413609658963791,0.14338452088049478,0.41147457527554554,-0.03399800112538893,-0.14821047844855528,0.4097724307645265,-0.03406704885751342,-0.0024129787840302666,0.41062350302003603,-0.06927980508499443,-0.0030641503692939703,0.5879477170848508
10.4333333333333,-0.03392283502085296,0.1419552024623779,0.41198747769162847,-0.033697041231471075,-0.14963214354590554,0.4092803269731424,-0.033809938126162016,-0.0038384705417638257,0.41063390233238545,-0.06891177733387052,-0.005111515378901813,0.5879767323547818
10.4666666666667,-0.03413275474047769,0.1405668014811814,0.41244593511377137,-0.03381934376489685,-0.15100978302043405,0.40876393240668074,-0.03397604925268727,-0.005221490769626327,0.41060493376022605,-0.06914973936771071,-0.007097885173459951,0.587928169087713
10.5,-0.034598569272420956,0.1393482543731996,0.41282044889290587,-0.03420459453564803,-0.15221619236646025,0.408284130858951,-0.034401581904034494,-0.00643396899663033,0.4105522898759284,-0.06975912974979846,-0.008839316879000794,0.5878325686188642
10.5333333333333,-0.035068692598765425,0.13837075939802146,0.413109476724663,-0.0346076494626194,-0.15318213635313702,0.40788870874063393,-0.034838171030692415,-0.007405688477557787,0.4104990927326485,-0.07038430955714056,-0.010234959389701126,0.5877353937018291
10.5666666666667,-0.03553813328330598,0.13753214237027508,0.41334933278581343,-0.03501750349689294,-0.15400955941136726,0.4075420040632646,-0.03527781839009946,-0.008238708520546088,0.410445668424539,-0.07101383419851455,-0.011431395125802787,0.58763760685757
10.6,-0.03619884251803238,0.13666100802900774,0.41358086597610744,-0.03561234284168505,-0.15486781267857155,0.4071650484147939,-0.03590559267985872,-0.009103402324781905,0.41037295719545064,-0.07191266916110858,-0.012673324445157244,0.5875028113098874
10.6333333333333,-0.0370139212075848,0.1357202585510439,0.4138184397442594,-0.03635251406299795,-0.15579322070747165,0.40674638550334147,-0.03668321763529137,-0.01003648107821388,0.41028241262380044,-0.07302598129646341,-0.014013474648423185,0.5873350211075063
10.6666666666667,-0.03758506387475448,0.13485967325761505,0.4140482478154891,-0.03685623706516605,-0.15663847314284932,0.40637625611988387,-0.037220650469960266,-0.010889399942617135,0.4102122519676865,-0.07379538949397503,-0.015238495652750051,0.587208333707094
10.7,-0.03752865779100518,0.13427435360679174,0.41424354892331233,-0.03676178134311037,-0.15721265659567527,0.4061630301439952,-0.03714521956705777,-0.011469151494441776,0.41020328953365376,-0.07368745883282844,-0.016071175871749825,0.5871996884810549
10.7333333333333,-0.03696173374768923,0.1340105812796445,0.41437991548837577,-0.036188565097360965,-0.15747122340168268,0.4061143392860091,-0.0365751494225251,-0.011730321061019094,0.41024712738719243,-0.07287141323468173,-0.016446286351290397,0.5872911332838424
10.7666666666667,-0.036490319339173856,0.13392343201138954,0.4144498654475745,-0.03572089208376236,-0.15755662726720054,0.40612261952526724,-0.036105605711468106,-0.011816597627905503,0.41028624248642087,-0.07219922917304991,-0.01657020298549188,0.5873706650107965
10.8,-0.03663725514937673,0.13382884271091156,0.4144674563949193,-0.035858708519257224,-0.15764930781778067,0.40607450521430904,-0.036247981834316975,-0.01191023255343456,0.41027098080461416,-0.0724030626812412,-0.01670468824556503,0.5873417645122668
10.8333333333333,-0.03731609408536798,0.13368586626477694,0.41445303509558823,-0.036514319948254194,-0.1577893707660309,0.40596166559062796,-0.036915207016811086,-0.012051752250626983,0.4102073503431081,-0.07335824290822919,-0.01690794912139749,0.5872174110917641
10.8666666666667,-0.037919144866658865,0.13361482960100726,0.41442120575565616,-0.03710023456246734,-0.15785894720671334,0.4058814856572523,-0.0375096897145631,-0.012122058802853043,0.41015134570645423,-0.07420923712869808,-0.017008928519749934,0.5871075573613195
10.9,-0.0379064244620256,0.13375170792561264,0.4143782132643838,-0.037096986094287916,-0.15772487502645324,0.40593390156249604,-0.03750170527815676,-0.011986583550420312,0.4101560574134399,-0.07419779691828653,-0.016814349091314545,0.5871146080898486
10.9333333333333,-0.037274179677004034,0.13410794512242769,0.41432042503495176,-0.03650123285678921,-0.15737579454710135,0.4061233486365236,-0.03688770626689662,-0.011633924712336834,0.4102218868357377,-0.07331884171307176,-0.016307834976710598,0.5872393042053761
10.9666666666667,-0.036461192987287665,0.13456018351150337,0.4142461326747554,-0.035733714548676236,-0.15693233636125825,0.40636313620441866,-0.03609745376798195,-0.011186076424877454,0.41030463443958703,-0.07218750889664702,-0.01566460331871346,0.5873969545354761
11.0,-0.0358068545487366,0.1349744509908034,0.4141684280142,-0.03511831910743587,-0.15652581199850205,0.4065735220823144,-0.03546258682808623,-0.010775680503849312,0.4103709750482572,-0.07127856913668497,-0.015075163838007511,0.5875233641758193
11.0333333333333,-0.03523342028376717,0.1353560052919254,0.4140930788400314,-0.03457945636306424,-0.15615113545104323,0.4067637386888428,-0.0349064383234157,-0.010397565079558913,0.4104284087644371,-0.0704822894940288,-0.014532088229570958,0.5876331029773223
11.0666666666667,-0.03445611383219507,0.1358751683445926,0.41398844774173127,-0.033847999065184,-0.1556409392004179,0.40702071940041995,-0.03415205644868954,-0.009882885427912654,0.4105045835710756,-0.06940212491577465,-0.013792870145945858,0.5877794656380066
11.1,-0.03337207456506314,0.13675385021867906,0.4137878793612588,-0.032835011463339496,-0.1547764040177992,0.40743316236980714,-0.03310354301420131,-0.009011276899560078,0.410610520865533,-0.0679006820646057,-0.01254100785065887,0.5879828389780091
11.1333333333333,-0.0322121957376762,0.13807977893107315,0.41343931732819067,-0.03177025404508897,-0.1534693669903129,0.40801159220130434,-0.031991224891382584,-0.007694794029619887,0.4107254547647475,-0.0663077002886591,-0.010650190766105988,0.5882018877515298
11.1666666666667,-0.03129583284834397,0.13970632207043285,0.41296299402800946,-0.03095858040461327,-0.15186195202237163,0.4086748938268979,-0.031127206626478617,-0.006077814975969385,0.4108189439274537,-0.06507017077023848,-0.008327787412162899,0.5883775312400519
11.2,-0.030682530119190213,0.14133910133858033,0.4124531013278774,-0.03044333488421632,-0.15024387326127556,0.4093111737122718,-0.030562932501703267,-0.004452385961347612,0.4108821375200746,-0.0642618741472061,-0.005993253945722064,0.5884947670741169
11.2333333333333,-0.03012538253134916,0.14273613217581646,0.41201283707613345,-0.029967853079708832,-0.148855826767311,0.40985305371114855,-0.030046617805528995,-0.0030598472957472683,0.410932945393641,-0.06352225208029176,-0.003993215795665741,0.5885920286188435
11.2666666666667,-0.02938783526376043,0.14382801546341856,0.4116862605468653,-0.029293498082339612,-0.14776865023018768,0.4102949816856023,-0.029340666673050023,-0.0019703173833845672,0.4109906211162338,-0.06251098617932299,-0.002428378142684893,0.5887088227824286
11.3,-0.02857290341242818,0.14465625414428337,0.4114533720170796,-0.02852527678096176,-0.14694262321291357,0.410645624699713,-0.02854909009669497,-0.0011431845343150909,0.41104949835839627,-0.06137702287997222,-0.0012404102226509126,0.5888318273329485
11.3333333333333,-0.02808855846311494,0.14523701421532395,0.41128209613594746,-0.02807227846108788,-0.14636271341570323,0.410883874495868,-0.02808041846210141,-0.0005628496001896407,0.4110829853159077,-0.06070559198840891,-0.00040690628609159617,0.5889025929336698
11.3666666666667,-0.028258605757046622,0.14553196448609454,0.4111661690000561,-0.028257701534998618,-0.14606797352774412,0.4109760387548129,-0.02825815364602262,-0.00026800452082478235,0.4110711038774345,-0.060960185735298766,1.6563580713375187e-05,0.5888764334868174
11.4,-0.028965469311622943,0.14555370992088842,0.4111092788207535,-0.028965410773611994,-0.1460462376947684,0.41093449167849055,-0.02896544004261747,-0.00024626388693999864,0.411021885249622,-0.06197337095306298,4.778845635223131e-05,0.5887706662567063
11.4333333333333,-0.029684269555672348,0.145442057475929,0.41109752136787625,-0.02967774783624419,-0.14615783222450424,0.4108439781473525,-0.02968100869595827,-0.0003578873742876171,0.4109707497576144,-0.06299836880304331,-0.00011253022557724189,0.588661864995935
11.4666666666667,-0.029883391487087643,0.14537530814752456,0.4111067047749751,-0.029873043825359245,-0.14622453671164884,0.41080608702064303,-0.029878217656223442,-0.0004246142820621375,0.410956395897809,-0.06328084757601649,-0.00020836643109786696,0.5886315395464974
11.5,-0.029427297297935043,0.14540902417403492,0.41112768075038514,-0.029419127196281668,-0.14619084429061732,0.4108508330498379,-0.029423212247108355,-0.00039091005829120727,0.4109892569001115,-0.06262910754633115,-0.00015995889788871613,0.5887012550831613
11.5333333333333,-0.028637321864128092,0.1454536961295407,0.41116766178215225,-0.028632066689554998,-0.1461462006068261,0.4109223136097802,-0.028634694276841545,-0.00034625223864269563,0.4110449876959662,-0.06149959297373926,-9.581931814603981e-05,0.5888203370452748
11.5666666666667,-0.0279866824531399,0.14542825449008037,0.41122145909221747,-0.02798048670270414,-0.14617162656470542,0.41095815233238575,-0.02798358457792202,-0.0003716860373125335,0.41108980571230164,-0.06056685700928539,-0.00013234848918405165,0.5889170032791399
11.6,-0.027703801684823098,0.14538298099483282,0.4112566208901211,-0.027695444628333274,-0.1462168694077317,0.41096136614599377,-0.027699623156578188,-0.00041694420644944075,0.41110899351805746,-0.06016005928831002,-0.00019735032076048764,0.5889586800062176
11.6333333333333,-0.027594478006916136,0.14541480390283873,0.41125271987686784,-0.027587839946785223,-0.1461850684125136,0.41097991663515576,-0.027591158976850678,-0.0003851322548374387,0.4111163182560118,-0.060004669501996656,-0.00015166055506456378,0.5889745453518518
11.6666666666667,-0.027196733362052628,0.14547762575251513,0.41125699765054613,-0.02719355521552755,-0.14612228471975355,0.41102851905939525,-0.027195144288790087,-0.00032232948361921834,0.41114275835497066,-0.05943731600642488,-6.146037767521587e-05,0.5890320875164295
11.7,-0.026129867019047532,0.14534457176248342,0.4113731949525199,-0.026120756466848263,-0.14625524987788013,0.4110508034074362,-0.0261253117429479,-0.0004553390576983605,0.411211999179978,-0.057904538162635064,-0.00025249474824747946,0.5891846901795416
11.7333333333333,-0.024367812520585414,0.1447985157513288,0.41167380237983386,-0.024334975925041344,-0.14680062333610466,0.41096598515205496,-0.02435139422281338,-0.001001053792387933,0.4113198937659444,-0.05536271248683688,-0.0010362753883085777,0.5894281081139647
11.7666666666667,-0.02224050345673179,0.14384913282009434,0.4121268093798251,-0.02217121083178146,-0.14774760383815227,0.41074899633167383,-0.022205857144256623,-0.00194923550902896,0.4114379028557495,-0.05228789922025666,-0.0023980993222066905,0.5897048610535286
11.8,-0.0201857239890536,0.14273417514753506,0.4126199362714886,-0.020080222899246068,-0.14885777353367444,0.41045560408411313,-0.020132973444149833,-0.003061799193069696,0.41153777017780085,-0.049316679579085754,-0.0039960192112810855,0.5899521127864068
11.8333333333333,-0.018470455388305707,0.14168656646973046,0.4130611082835856,-0.018336642822640095,-0.14989895281783078,0.4101581725276884,-0.018403549105472903,-0.004106193174050159,0.41160964040563697,-0.04683736610454047,-0.005496033009958852,0.5901420618740296
11.8666666666667,-0.01710337943597383,0.14068710846778815,0.4134614032041427,-0.01694599008738988,-0.1508905379978982,0.4098542838373209,-0.017024684761681855,-0.005101714765055037,0.4116578435207318,-0.044860360153280605,-0.006925856102386445,0.5902805934803848
11.9,-0.01595765036478295,0.13943968186154793,0.4139295212157287,-0.01577137247088003,-0.1521257627460219,0.40944434436986193,-0.015864511417831493,-0.006343040442236991,0.41168693279279533,-0.04319674604353184,-0.008708719883289645,0.5903810614887924
11.9333333333333,-0.014926553084045818,0.13760399855806416,0.41458178639510707,-0.0146976326968842,-0.15393870875725474,0.408806199263657,-0.01481209289046501,-0.008167355099595285,0.41169399282938207,-0.04168752653404279,-0.011328912794197161,0.5904450899971675
11.9666666666667,-0.013954218654944133,0.1350994059526648,0.4154385036436366,-0.01366988478428536,-0.15640313625087887,0.40790544031431314,-0.013812051719614747,-0.010651865149107048,0.41167197197897487,-0.040253314029213935,-0.01489733159715707,0.5904653577106266
12.0,-0.012970212306395713,0.1322302483306354,0.4163924291288715,-0.01262992663931659,-0.1592133887992463,0.4068503862567735,-0.012800069472856153,-0.01349157023430544,0.4116214076928225,-0.03880185255835725,-0.018975923062338848,0.59044553433603
12.0333333333333,-0.011876999492728699,0.12951292467125075,0.4172781557221099,-0.011497242146731085,-0.1618623089324618,0.4058374814962414,-0.011687120819729892,-0.016174692130605538,0.4115578186091756,-0.03720540582681429,-0.02282963588609402,0.590411859584442
12.0666666666667,-0.010666398521635577,0.1273220699137546,0.41798449549253786,-0.010272463941240735,-0.16398912883214334,0.40501567516158055,-0.010469431231438156,-0.018333529459194364,0.4115000853270592,-0.035458507179199086,-0.025930341950714437,0.5903913194401913
12.1,-0.009563333104974953,0.12564950260417737,0.41851698313442776,-0.009170639819745948,-0.16560749701943128,0.4043831244171743,-0.009366986462360451,-0.01997899720762696,0.411450053775801,-0.03387676677974605,-0.028293710318101798,0.5903756677441698
12.1333333333333,-0.008997654796932576,0.12419944124892648,0.4189621236082165,-0.008596906486720894,-0.1670068608850194,0.40381983189701154,-0.008797280641826735,-0.021403709818046446,0.411390977752614,-0.033059331091195306,-0.030340015546293102,0.5903203897205668
12.1666666666667,-0.009324322383962401,0.12273184957642126,0.4193872555625974,-0.008883583954187781,-0.16841964655154776,0.4032264371401271,-0.009103953169075092,-0.022843898487563255,0.4113068463513623,-0.03349941784417981,-0.03240855383353543,0.5901856259499279
12.2,-0.010488678464925657,0.12130747346845865,0.41977399219276956,-0.009973106527753494,-0.1697874779291346,0.402626880004043,-0.010230892496339575,-0.024240002230337974,0.4112004360984063,-0.03511642859373015,-0.034413777788084125,0.5899780731320124
12.2333333333333,-0.011985407433354732,0.12018482432280518,0.4200567557221877,-0.01138241740935864,-0.1708632395174309,0.4021341181405384,-0.011683912421356685,-0.025339207597312844,0.4110954369313631,-0.03720108351745408,-0.03599256983381503,0.5897560620606402
12.2666666666667,-0.013243057692004796,0.11950144628118918,0.4202139285844379,-0.012569049965905786,-0.17151707672311856,0.40182031605240015,-0.012906053828955292,-0.02600781522096469,0.411017122318419,-0.038954294461753976,-0.036952894423329524,0.5895834503885888
12.3,-0.014108871468847319,0.11911090463705132,0.42029662401584383,-0.013386510220673057,-0.1718903970235563,0.40163434585744323,-0.013747690844760187,-0.026389746193252486,0.41096548493664353,-0.04016155053705499,-0.03750146433235637,0.5894678010432605
12.3333333333333,-0.014922478716272542,0.11874915177776912,0.420370882195377,-0.014153838870029219,-0.17223597816416392,0.40145995029170123,-0.01453815879315088,-0.026743413193197393,0.4109154162435391,-0.04129533173506547,-0.03800943882585467,0.5893569178116287
12.3666666666667,-0.016074521249235304,0.1183156339594247,0.4204506398426384,-0.015241093076588892,-0.1726498378104128,0.4012423178118295,-0.015657807162912096,-0.027167101925494052,0.41084647882723396,-0.04290113112811026,-0.038617986436547125,0.5892026328071724
12.4,-0.017537632381084804,0.11794867470507331,0.42049525752674005,-0.016625533354358547,-0.1729999201174179,0.4010364999562888,-0.017081582867721677,-0.027525622706172287,0.41076587874151443,-0.04494288574368331,-0.039132933116143284,0.5890164250699177
12.4333333333333,-0.018912104955622653,0.11784636018920436,0.42046437149061816,-0.01793287844137335,-0.17309749034937397,0.4009380572141981,-0.018422491698498,-0.027625565080084794,0.41070121435240814,-0.04686557283194048,-0.039276481317321046,0.5888570068648692
12.4666666666667,-0.01993297445160988,0.1180698782185637,0.4203544937355395,-0.018914404644020288,-0.17288431492937884,0.40098492984836964,-0.019423689547815086,-0.027407218355407558,0.4106697117919546,-0.04830100463293564,-0.038962867829290614,0.5887618417640147
12.5,-0.020833721953475163,0.11852998574755629,0.4201812924499925,-0.019790928975342934,-0.1724452438614572,0.401131664191442,-0.02031232546440905,-0.026957629056950472,0.4106564783207172,-0.04957494107212779,-0.038317118779313736,0.5886983285703599
12.5333333333333,-0.02213056181584654,0.11911505811854899,0.41994947455595943,-0.021052198811185054,-0.1718864279909552,0.401307258612232,-0.021591380313515797,-0.026385684936203087,0.41062836658409574,-0.05140840990532952,-0.03749563112094106,0.5885939614651481
12.5666666666667,-0.024065318929553044,0.11979386861765061,0.41964986534387533,-0.02293017186077154,-0.17123738760783097,0.40148177956268605,-0.023497745395162292,-0.025721759495090184,0.4105658224532807,-0.0541407369976017,-0.036542030973928885,0.5884089215885882
12.6,-0.026316384494485763,0.12060555090638031,0.41928208763838654,-0.025121590903421448,-0.17046032395766633,0.40168126498987833,-0.025718987698953606,-0.02492738652564301,0.4104816763141324,-0.0573238042576212,-0.03540106962676551,0.5881771367284716
12.6333333333333,-0.028272642756646094,0.12158985377895962,0.41887024858094546,-0.02704478552401186,-0.1695165695034442,0.40195567822445855,-0.027658714140328975,-0.0239633578622423,0.410412963402702,-0.06010294621032236,-0.03401643308469412,0.5879813913487585
12.6666666666667,-0.02956894393037737,0.12273930459969537,0.4184452899459165,-0.02834857558480716,-0.16841247879821383,0.40232977799871333,-0.028958759757592264,-0.022836587099259235,0.4103875339723149,-0.06196529864537745,-0.03239805249792628,0.5878794658716352
12.7,-0.030346517215327707,0.12398529789674047,0.4180220745547454,-0.029162804116372548,-0.16721322609878236,0.4027715517397522,-0.029754660665850127,-0.021613964101020934,0.4103968131472488,-0.0631053134982652,-0.030642002779870517,0.5878523500925317
12.7333333333333,-0.03101821390410321,0.12522237082579527,0.4176038173528387,-0.029877651791527963,-0.16602005260702218,0.40321250361679767,-0.030447932847815586,-0.020398840890613452,0.4104081604848182,-0.06409825211162042,-0.02889672850145142,0.5878333025556963
12.7666666666667,-0.03181948236261145,0.12639231991939023,0.41719087001547234,-0.030716992707171327,-0.16488931706126617,0.4036132238854881,-0.031268237534891385,-0.019248498570937973,0.4104020469504802,-0.06527307145159014,-0.027244501862519907,0.5877829205556478
12.8,-0.03261882641604111,0.12756708964980215,0.4167713639613646,-0.03155798724229625,-0.16375166314076448,0.4040113133032155,-0.03208840682916868,-0.018092286745481162,0.41039133863229005,-0.06644761087229159,-0.025583848067345462,0.5877259396715614
12.8333333333333,-0.03317268900426121,0.12891069513834366,0.4163139745430993,-0.03217372152682664,-0.16244772483706033,0.404488866788095,-0.032673205265543924,-0.01676851484935834,0.41040142066559715,-0.06728499640403608,-0.023682533555843013,0.5877103583387598
12.8666666666667,-0.03352431871309093,0.1305077403906967,0.415787890359537,-0.032610295273989245,-0.16089395495352643,0.40507451032951475,-0.03306730699354009,-0.015193107281414854,0.4104312003445259,-0.06784924558954726,-0.021419803766467772,0.5877323117839648
12.9,-0.034073601440684595,0.13221534812960525,0.41520333743904975,-0.033248861904596166,-0.1592279473059761,0.4056804518286711,-0.03366123167264038,-0.013506299588185416,0.4104418946338604,-0.06869959500809857,-0.01899707848397222,0.5877168324033143
12.9333333333333,-0.035217132578783734,0.1337288939349926,0.4146227882262969,-0.034461065136061717,-0.15774722347680822,0.406157486071827,-0.03483909885742272,-0.012009164770907809,0.4103901371490619,-0.07038599992970579,-0.016846781882455662,0.587582841299411
12.9666666666667,-0.036956567980627776,0.13484211064983118,0.4141105375322979,-0.03623822971428879,-0.1566557099395153,0.40642518901719316,-0.03659739884745829,-0.010906799644842065,0.4102678632747455,-0.07290319848394611,-0.015263486325217852,0.5873191194498938
13.0,-0.038873958229028165,0.13562622487763218,0.4136786947786246,-0.03817425497284425,-0.15588563934189603,0.4065440304830178,-0.038524106600936206,-0.010129707232131921,0.4101113626308212,-0.07566108585779198,-0.014147372408192646,0.5869981689717201
13.0333333333333,-0.04042953310916235,0.1363143565991385,0.4133032410400804,-0.03975245928526986,-0.1552089837557266,0.4066516548096514,-0.0400909961972161,-0.00944731357829405,0.4099774479248659,-0.07790358710011182,-0.01316727258284095,0.5867275794481224
13.0666666666667,-0.04125691270431299,0.13701583970183498,0.4129894028199834,-0.04061799804162949,-0.15451838170398388,0.4068290832374357,-0.04093745537297124,-0.00875127100107446,0.40990924302870957,-0.07911486639288129,-0.01216757038783149,0.586587066497278
13.1,-0.04127418079583702,0.13759067147067638,0.41279652268469713,-0.04067727053624595,-0.15395185000574882,0.40703788835766724,-0.04097572566604149,-0.008180589267536217,0.4099172055211822,-0.07916957960781332,-0.01134792054889823,0.5865961138631302
13.1333333333333,-0.04067759158156546,0.13784007182080668,0.41277253804032915,-0.04010710779733634,-0.15370587785426046,0.4071873991595569,-0.0403923496894509,-0.007932903016726896,0.409979968599943,-0.07833471876700313,-0.010992177852418236,0.5867149583035561
13.1666666666667,-0.03988843050450274,0.13779296009076786,0.41286527255026945,-0.03932526664477641,-0.15375235001951884,0.40724610898562663,-0.03960684857463957,-0.007979694964375486,0.41005569076794807,-0.07721056876299551,-0.011059383403073797,0.5868626896859493
13.2,-0.039394206423156025,0.13774066061101822,0.41293017197999327,-0.03883408511995354,-0.15380393513134594,0.4072737634419252,-0.03911414577155478,-0.008031637260163862,0.41010196771095925,-0.07650541312309093,-0.011133986215098101,0.5869536221450682
13.2333333333333,-0.039481724717801835,0.1379791073743266,0.41284219667832955,-0.038937239422998024,-0.15356870798426092,0.4073526707059882,-0.039209482070399926,-0.007794800304967172,0.41009743369215884,-0.07664184050379035,-0.010793826045244103,0.5869421777644582
13.2666666666667,-0.04005496316249421,0.13856977685381963,0.4125890653973159,-0.03954517018749722,-0.15298560140686196,0.40751348480039645,-0.039800066674995714,-0.0072079122765211605,0.41005127509885614,-0.07748702630477193,-0.009950901021892881,0.5868460946097234
13.3,-0.040721459604844246,0.13936434361301836,0.4122560642048342,-0.04026137814973888,-0.15220027975396064,0.40773735576893144,-0.04049141887729156,-0.00641796807047115,0.4099967099868828,-0.07847635471447025,-0.008816335396144553,0.5867327606468721
13.3333333333333,-0.041064980548226486,0.14017611404557453,0.4119466524203742,-0.04066088556683417,-0.1513968526446661,0.40799674068716574,-0.04086293305753033,-0.005610369299545775,0.40997169655376997,-0.07900793173572246,-0.00765641474307715,0.5866777006768825
13.3666666666667,-0.040856773185646,0.14084218265128204,0.4117401166847558,-0.040503555721045505,-0.1507367964666134,0.40825670255621677,-0.040680164453345755,-0.004947306907665669,0.4099984096204863,-0.07874632117746613,-0.006704086855942077,0.586724526976529
13.4,-0.04008709006601687,0.14116656316277137,0.4117046838105526,-0.03976379545534606,-0.15041507164149337,0.408448040528058,-0.03992544276068146,-0.004624254239360998,0.4100763621693053,-0.07766621833221157,-0.006240100632340091,0.5868735963642084
13.4333333333333,-0.038894756947074526,0.1409599810408232,0.4118897930802553,-0.038566400090145336,-0.15061998313308392,0.4084873418873793,-0.03873057851860993,-0.004830001046130366,0.41018856748381727,-0.0759561410657797,-0.006535605619718432,0.587094156783192
13.4666666666667,-0.03749579704604505,0.1402329858458929,0.412267504056922,-0.03712977226220209,-0.15134052356483116,0.4083541122065751,-0.03731278465412357,-0.005553768859469137,0.41031080813174853,-0.07392682419508342,-0.007575121934001762,0.5873406512642408
13.5,-0.03611580679171447,0.1392950843679224,0.4127084297508517,-0.03570169488986503,-0.15226877556086776,0.4081363301500191,-0.035908750840789753,-0.006486845596472687,0.4104223799504354,-0.07191697442488607,-0.008915261404312392,0.5875713278735198
13.5333333333333,-0.034898531944176636,0.13855123091064464,0.41306339573724427,-0.034451005291443904,-0.15300391883360995,0.40796885184178866,-0.03467476861781027,-0.00722634396148266,0.41051612378951646,-0.07015034074540567,-0.009977373739769353,0.5877677944068974
13.5666666666667,-0.03382920555560292,0.13815847495473682,0.41328384999459494,-0.03337084597709214,-0.15339169919052872,0.40791301557483534,-0.03360002576634753,-0.007616612117895958,0.41059843278471514,-0.06861150834423334,-0.010537901022019281,0.5879396329557718
13.6,-0.03275227678964189,0.1379085659405702,0.4134540310868995,-0.032293092684835475,-0.15363830690875124,0.40790695241954544,-0.03252268473723868,-0.007864870484090526,0.41068049175322247,-0.06706880223675801,-0.010894465241261126,0.5881111160563299
13.6333333333333,-0.03149196461336967,0.1374605383946171,0.4137010715066484,-0.0310240933275333,-0.1540801527403635,0.40783877596649765,-0.03125802897045149,-0.008309807172873199,0.41076992373657306,-0.06525769932137808,-0.0115335115544537,0.5883026510444197
13.6666666666667,-0.02997525365740154,0.1366717902784843,0.41407490376373357,-0.029485889451730182,-0.1548571976552212,0.40765854053944756,-0.029730571554565863,-0.009092703688368457,0.41086672215159054,-0.06306999533983415,-0.012657958358894307,0.5885180967594846
13.7,-0.028256713956042647,0.13570711552875606,0.41451279464929425,-0.02774429560177018,-0.15580613888739614,0.407419140644746,-0.028000504778906414,-0.010049511679320047,0.4109659676470201,-0.06059176019093622,-0.014032190085110655,0.5887472587399177
13.7333333333333,-0.0264489584488707,0.13486615246779493,0.4149063671868632,-0.025926799783382286,-0.15663211400091984,0.4072220977964427,-0.02618787911612649,-0.010882980766562453,0.41106423249165297,-0.05799485634477779,-0.015229275982144606,0.5889790015153312
13.7666666666667,-0.024637929933467737,0.13432878423848527,0.4151920882559069,-0.024124987869505392,-0.1571592856895204,0.4071297077087304,-0.024381458901486564,-0.011415250725517566,0.41116089798231864,-0.05540642349422097,-0.015993759738265553,0.5892078803957073
13.8,-0.022847254683303637,0.13403176250973123,0.4153904303287066,-0.02235654051731666,-0.157450464469321,0.40711815404331086,-0.022601897600310148,-0.011709350979794891,0.41125429218600873,-0.052856074469450155,-0.016416167609338752,0.5894305245472874
