timestamp,root_pos_x,root_pos_y,root_pos_z,root_quat_x,root_quat_y,root_quat_z,root_quat_w,left_hip_pitch_joint,left_hip_roll_joint,left_hip_yaw_joint,left_knee_pitch_joint,left_ankle_pitch_joint,left_ankle_roll_joint,right_hip_pitch_joint,right_hip_roll_joint,right_hip_yaw_joint,right_knee_pitch_joint,right_ankle_pitch_joint,right_ankle_roll_joint,left_contact,right_contact
0,-0.674208085672,-1.85017134143,0.612434970987,0.0278833209666244,-0.0398889632549703,0.7554834487005867,0.6533575971562463,-0.524124092635553,0.1250523764648277,0.470355701332692,0.5743951966412161,-0.2223904721093966,0.3686112310126683,-0.4179040164323649,-0.0737929515106432,0.1174839884827716,0.4625884526606684,-0.0818410451738664,0.0753485818012101,0,1
0.0333333333333333,-0.673468729385,-1.84334726281,0.61387378799,0.0273367319553192,-0.04009950772519,0.7548848976317418,0.6540592663464951,-0.4952817451563504,0.0970488931933208,0.4939985251486347,0.6332614780652414,-0.2056996179191116,0.3932850426944418,-0.3914346428894781,-0.0754293721118126,0.102467130399865,0.449796486165326,-0.0842726174797794,0.0673194719718755,0,1
0.0666666666666666,-0.673003827533,-1.83688530972,0.615126158849,0.0269136715077123,-0.0406570811273823,0.754248263532551,0.6547764603269637,-0.4669657500783177,0.0684442374259641,0.5168162678695569,0.6915558640740262,-0.1915062867273439,0.4159370761613343,-0.3652892854878997,-0.0771923089780476,0.0880116983761055,0.4372711316034054,-0.0867300467199644,0.059560907150479,0,1
0.1,-0.672719978552,-1.83076885454,0.616201996905,0.0266461491495172,-0.0414687661451356,0.7534393287514043,0.6556672189918719,-0.4395726645659364,0.0388070420834038,0.5379979975598446,0.7486664756724429,-0.1819453562686864,0.4347360538451737,-0.3397904448898585,-0.0791748383074641,0.0745769920579066,0.4252303076304782,-0.0892449699770683,0.0523160649419973,0,1
0.133333333333333,-0.672287738487,-1.82456692792,0.617208126157,0.026476056438784,-0.0420676356668926,0.7523157191868611,0.6569249509108358,-0.4132463563966402,0.0079848920166546,0.5567419439315721,0.8039780522547715,-0.1785432639365656,0.4484090517860213,-0.3151821623577353,-0.0814181126022288,0.0624172627609058,0.4138105618197642,-0.0918752821450786,0.0457785452370808,0,1
0.166666666666667,-0.67145321729,-1.81798042585,0.618211967608,0.0263367459509511,-0.0421114842423875,0.7509151948019135,0.6585281838488181,-0.3878498295297099,-0.0238209216424432,0.5722919397415777,0.8568818893763318,-0.1820559615813784,0.4564150038240533,-0.2915898508940245,-0.0839042230911605,0.0515530304354386,0.4030483441139545,-0.0947034446853703,0.0400744399054256,0,1
0.2,-0.670283532724,-1.81123120246,0.619172541391,0.0262304763563952,-0.0417554535828926,0.7494831581935419,0.6601843983240121,-0.3629947442389669,-0.0560463095995825,0.5839802452828815,0.9067973620064176,-0.1924336542635001,0.4589772147445847,-0.2689855522195651,-0.0865630454970455,0.0417952929634391,0.39287862221194,-0.0978261402659191,0.0352527001726121,0,1
0.233333333333333,-0.669083679049,-1.80486033467,0.620001040193,0.026238113905725,-0.0414930621427465,0.7482527419639825,0.6615948316878467,-0.3381203130118172,-0.0878263779320585,0.5912729125360547,0.9532028291254562,-0.2089002074339283,0.4569781348677926,-0.2471781158669749,-0.0892890702795731,0.032808740613796,0.3831543839055657,-0.1013389274725649,0.0312862963373809,0,1
0.266666666666667,-0.668077910786,-1.79916537466,0.620668413126,0.0264531962851068,-0.0416550300094641,0.7471997897331725,0.6627650874208109,-0.3126050861652995,-0.1181162472424905,0.5938108212676267,0.9956692520731016,-0.2301162002698973,0.451791601488221,-0.2258407416573124,-0.0919633532879802,0.0241954684634874,0.3736856574256118,-0.1053197719278057,0.0280846910311682,0,1
0.3,-0.667217841763,-1.79386807263,0.621238162977,0.0268893438377191,-0.0421052467111291,0.7460531701035715,0.6640096224948726,-0.2858872042138264,-0.1458433225056945,0.5914363192276272,1.0338870364901855,-0.2543879455855652,0.4451374942553805,-0.2045736234800613,-0.094476066484182,0.0155813750853139,0.364289287534485,-0.1098136689184886,0.0255156581160401,0,1
0.333333333333333,-0.666297949775,-1.78833282171,0.621804819273,0.0274543617021651,-0.0424150335318309,0.7445601648224114,0.6656405816306905,-0.2575646194429662,-0.1700573672778599,0.5841967606653862,1.0676764904818878,-0.2798883932003659,0.4389475718207772,-0.1829863550418673,-0.0967455875033017,0.0066900111116013,0.3548330688187869,-0.114818403514155,0.0234320639482554,0,1
0.366666666666667,-0.665184108449,-1.78209946491,0.622414042483,0.02804691249452,-0.042279131688069,0.7427222288674916,0.6676747235513213,-0.2274504375606977,-0.1900480676103012,0.5723239544219175,1.0969768100754402,-0.3048644145514054,0.4351306958687059,-0.160780346883905,-0.098730595771768,-0.0026076581225833,0.3452568096636825,-0.1202715234419265,0.0216971729725827,0,1
0.4,-0.663896699234,-1.77523045472,0.623042189348,0.0286948480359319,-0.0417500583577679,0.7407693962517056,0.6698464300869278,-0.1955710991396876,-0.2054102084782713,0.5561986878505008,1.121817244392314,-0.3278121665075555,0.4351625515061644,-0.1378149151440919,-0.1004322866289983,-0.0122737703829375,0.3355627522422477,-0.126042341604438,0.0202013867777753,0,1
0.433333333333333,-0.66254033635,-1.76821532183,0.623638957923,0.0295724863069955,-0.0411395807372337,0.7389402373326522,0.6718633258343178,-0.1621145005425293,-0.2160515275367766,0.5363148030429741,1.1422824048147138,-0.3476054401609034,0.4395908976825597,-0.1141456642493707,-0.1018853260623402,-0.0221145883156448,0.3257830025726621,-0.1319362437380006,0.0188661191438234,0,1
0.466666666666667,-0.661234618799,-1.76159571441,0.624173244194,0.0308476820578184,-0.0407662177625292,0.737309040248965,0.6736185234746354,-0.1273535239182291,-0.222153463254864,0.5132533024649898,1.158485888614448,-0.3635639224920552,0.4476925493985736,-0.0900267051268833,-0.1031399916906631,-0.0318180582099106,0.3159423288955401,-0.1377157300848,0.0176363827433342,0,1
0.5,-0.66010004549,-1.75562830769,0.624642429134,0.0324980506411415,-0.0407616103654545,0.7357802144873247,0.6752109624361317,-0.0915769198516291,-0.224104012647676,0.4876661840409487,1.1705608050300014,-0.3754536331178137,0.4575176655983128,-0.065871171929353,-0.1042429484965104,-0.0410119359969351,0.3060357217503472,-0.1431343899104503,0.0164686742577128,0,1
0.533333333333333,-0.659215451195,-1.75015083074,0.625060332386,0.0342660049353011,-0.0409881211927025,0.7341598812372614,0.676871541437928,-0.0550498943023803,-0.2224216802667943,0.4602600641883761,1.1786662547224291,-0.3834225122386405,0.4663996638452557,-0.042171098687029,-0.105225506910902,-0.0493343734009346,0.2960317803203953,-0.1479739855882597,0.0153214577812551,0,1
0.566666666666667,-0.658521375381,-1.74466401002,0.625446992846,0.0357843170425225,-0.0410609091202496,0.7322050206398211,0.6789030064345408,-0.0180083173116572,-0.2176834461840848,0.431768464141335,1.183001204591786,-0.3878880076289285,0.4717805062552295,-0.0193891094537994,-0.1061033049340762,-0.0565054843562981,0.2858983543625983,-0.1520755246920938,0.0141521070805325,0,1
0.6,-0.657793972083,-1.73862623295,0.625818604496,0.0367808597256775,-0.0405239675100975,0.7297008201917584,0.6815729523877513,0.0193245347935358,-0.2104628474717577,0.4029095974841276,1.1838146446785074,-0.3894045256380851,0.4720342011924603,0.0021523805336173,-0.1068842685695165,-0.0623858536595244,0.2756330847797388,-0.1553598539675265,0.0129197890360584,0,1
0.633333333333333,-0.65679705011,-1.73187550212,0.626174421094,0.0372422793285829,-0.0391683094954633,0.7266281217535558,0.6849017658311148,0.056714277758558,-0.2012787382085293,0.3743366384516048,1.1814029402674502,-0.3885407446320489,0.4669673545748263,0.0223508873184656,-0.1075786426058098,-0.0670087133695273,0.2652783215696085,-0.1578371967292586,0.0115921223759136,0,1
0.666666666666667,-0.655517486923,-1.72487259613,0.626496196746,0.0374291411927047,-0.0372746061756342,0.723285781343148,0.6885254836466548,0.093896636474263,-0.1905526633291944,0.3465917613343768,1.1760904588125782,-0.3857888839231468,0.4578265652513048,0.0413444721806077,-0.108206671422762,-0.0705776831117655,0.2549104858847891,-0.1596061271926222,0.0101546805877791,0,1
0.7,-0.654239803118,-1.71844958537,0.62676623335,0.0377034659045729,-0.0355086592809751,0.7201440966953464,0.6918887654599502,0.1305697160680086,-0.1785757551959514,0.3200725239818525,1.168196382194347,-0.381514811035649,0.4468506460883086,0.0594653828671981,-0.1088024400282488,-0.0734311843404088,0.2446100871461106,-0.1608413189484708,0.0086227603878837,0,1
0.733333333333333,-0.653324041898,-1.71317907328,0.62697883236,0.0382840686161154,-0.0344761464999952,0.7174679537856026,0.6946837127091782,0.1663984507714569,-0.1654937450280867,0.2950139756938004,1.1579964322973415,-0.3759459398477296,0.4365709348638589,0.0771443548441118,-0.1094140082645402,-0.0759846315595712,0.2344292857469301,-0.1617687839248786,0.0070521573482658,0,1
0.766666666666667,-0.652860715291,-1.70891376801,0.627131854182,0.0391366171926764,-0.0342896624929896,0.7150910984703758,0.697092006215293,0.2010283145679368,-0.1513236648266929,0.2714854578388986,1.1456898282029957,-0.3691870421934747,0.42912114162964,0.0948000116694369,-0.1101004927885199,-0.0786665589149214,0.2243745074371936,-0.1626302069850371,0.0055426969003812,0,1
0.8,-0.65255315804,-1.70490912224,0.627217697627,0.0400691472754556,-0.0345180621939225,0.7126336890244591,0.6995399860525379,0.2341036450629233,-0.1360097214180498,0.2493983113929213,1.1313785782671657,-0.3612524286624751,0.4257490160862185,0.1127479757106773,-0.1109269301116014,-0.0818621976387999,0.21441337780791,-0.1636433880353376,0.0042286345626012,0,1
0.833333333333333,-0.651973712584,-1.70038395619,0.627219983493,0.0408924055073545,-0.0345525516056028,0.7099475376683438,0.7022167942366658,0.2652875829699645,-0.1195088079917885,0.2285215228891411,1.115061671847306,-0.352104512171726,0.426585531535858,0.1311511541018238,-0.1119578984041783,-0.0858710374484438,0.2045022932027202,-0.1649689936912044,0.0032541697731399,0,1
0.866666666666667,-0.650949785302,-1.69503578107,0.62711149775,0.0415076003133877,-0.0340807241093662,0.7072869749775164,0.7048835069623628,0.2942839407333862,-0.1018792082285395,0.2085072806870885,1.096644361885194,-0.3416912726935138,0.4306364250667136,0.1500153511861001,-0.1132507790580863,-0.090878881283914,0.1946204375135209,-0.1666918027391082,0.0027381336296084,0,1
0.9,-0.649679779285,-1.68916856089,0.626870581515,0.0419419933050984,-0.0332943700948018,0.705020646436235,0.7071621046239815,0.3208627624810948,-0.0833412366658919,0.1889325296021334,1.0759612948031765,-0.3299770866878413,0.4359631602247104,0.1692200067551922,-0.114849071071017,-0.0969421957663581,0.1847945031980308,-0.1688191177236846,0.0027372462680809,0,1
0.933333333333333,-0.648460953018,-1.68340723421,0.626512490371,0.0423594779526014,-0.0326769106243526,0.7032245332339802,0.7089521493002767,0.3448884125184431,-0.0642880900857438,0.1693598367065287,1.05280889450743,-0.3169628276870508,0.4400518733006432,0.1885661973506721,-0.1167761310412365,-0.1039828384135555,0.1751051956821294,-0.1712935374230152,0.0032202327282434,0,1
0.966666666666667,-0.647359426628,-1.67818911561,0.626084482002,0.042953896786379,-0.0325552235676558,0.7016030385996466,0.7105267738777111,0.3663428283875992,-0.0452429641735334,0.1494114439131905,1.0269787956977188,-0.3026931059585155,0.4403486323554785,0.2078245808913657,-0.1190307588756893,-0.111793553455795,0.165675380632709,-0.1740136304863785,0.0040634800642929,0,1
1,-0.646215252561,-1.67338282767,0.625607283391,0.043719147134158,-0.0328169404287505,0.6997884622085636,0.712255426623435,0.385332014478127,-0.0267772547306336,0.1288406069547099,0.9982842252655434,-0.2872512876573846,0.4348605059875056,0.2267727349109037,-0.1215871024194527,-0.1200574556268299,0.156645757530481,-0.1768550614272233,0.0050720997567916,0,1
1.03333333333333,-0.644935118935,-1.66840447676,0.625033786017,0.0443525086387587,-0.0330627453724467,0.6976737887786207,0.714276553092127,0.40206575906965,-0.0094173557937443,0.1075805364610386,0.9665753866403178,-0.2707454753078428,0.422644990758343,0.2452193840754162,-0.1244004518405899,-0.1283854595519619,0.1481467928728122,-0.1796875554828156,0.0060206656597681,0,1
1.06666666666667,-0.643664902621,-1.66280481461,0.624293297793,0.0445088319817168,-0.0330311907050118,0.6954622622081625,0.7164217655547167,0.4168093078481791,0.0064320764076431,0.0857553444386334,0.931745507795504,-0.2532896676350198,0.404005137712323,0.2630182349357949,-0.1274172246896881,-0.1363718411283691,0.1402758810388607,-0.18238849688094,0.00670051454542,0,1
1.1,-0.642633546221,-1.65673767765,0.62337981575,0.0441707610551656,-0.0328342720685363,0.6934458369567512,0.7184035952393946,0.4298169385303029,0.0205318052084789,0.0636473254878939,0.8937339557993528,-0.2349839782167247,0.3803029374662046,0.2800752267402184,-0.1305844446808312,-0.1436603449361468,0.1330861264489674,-0.1848572901468954,0.006959436343804,0,1
1.13333333333333,-0.6419085351,-1.65074160076,0.622367854712,0.0436484247932134,-0.0327577421892965,0.6917520536469824,0.7200700254939885,0.4412652951728776,0.0328159150674915,0.041627599787781,0.8525341641833306,-0.2158979689101046,0.3534620752745778,0.2963507677435821,-0.1338549361273558,-0.1500059850613775,0.1265885241330333,-0.1870323678232534,0.0067247100622998,0,1
1.16666666666667,-0.641386595928,-1.64504477699,0.62131408598,0.0431460531592294,-0.0328916224201935,0.6902529432292638,0.7215313116107209,0.4512057962840255,0.043369596061845,0.0200688147328752,0.8082097488068567,-0.1960627867855404,0.3253656236938792,0.3118553201139185,-0.1371888903730241,-0.1553161256766257,0.1207649181719773,-0.1889066192653461,0.0060076497393367,0,1
1.2,-0.640985331022,-1.63923984451,0.620165157669,0.04244205212202,-0.0330387645865493,0.6886691234575815,0.7230781082583214,0.4595510274592231,0.0523851510299101,-0.000736089652598,0.7609138164896514,-0.1754781118927061,0.2973841270789038,0.3266355997793341,-0.1405553356121054,-0.1596595726550284,0.11558658023125,-0.1905330111863637,0.0048928035719486,0,1
1.23333333333333,-0.640724053733,-1.63280479853,0.618813490578,0.0411557016884506,-0.0329800195638217,0.6867919998982854,0.7249381183272231,0.4661019294563572,0.0601053108241469,-0.0206296140504859,0.7109005097820713,-0.1541355837572899,0.2701816810035569,0.3407516063417943,-0.1439351919834391,-0.1632408606387359,0.1110325635838761,-0.1920149545235186,0.0035165743446754,0,1
1.26666666666667,-0.640579800418,-1.62591293368,0.617254642143,0.0393239810813251,-0.0327404943397315,0.6846838773148902,0.727041726923121,0.4706124071620085,0.0667639126199598,-0.0396118759126055,0.6585202243573843,-0.1320532006009188,0.243804652615475,0.3542506619922819,-0.1473238809693062,-0.1663456344673217,0.1071025619517723,-0.1934837163463174,0.0020401444211086,0,1
1.3,-0.640420898242,-1.61821436839,0.615566698833,0.0375495592970012,-0.032544331257922,0.6826936740904023,0.7290131990962326,0.4728771494363473,0.0725348731922253,-0.0578316711296661,0.6042004362087726,-0.1093108905178907,0.2179453727770668,0.3671491929039136,-0.1507301793147321,-0.1692712019733068,0.1038204944595111,-0.1950712756106642,0.0006219234418452,0,1
1.33333333333333,-0.640445226972,-1.59972479034,0.613285159562,0.0364540290378999,-0.0325575696199728,0.6812226918068853,0.7304428469050306,0.4728197199752159,0.0774996907402339,-0.0755537186943055,0.548425176638376,-0.0860786437684552,0.1922387065187208,0.3794311932963807,-0.1541694493480871,-0.1722617141774428,0.101227562628031,-0.1968870094296001,-0.0006049956010003,0.166666667,1
1.36666666666667,-0.639999802193,-1.58987780481,0.611979534151,0.0360230924539232,-0.0327465821955527,0.6804041722413962,0.7312182714901663,0.4705555289955725,0.0816400666384387,-0.093109678927666,0.4917287813247284,-0.0626324587697766,0.1664837921222998,0.3910641099064804,-0.1576513957829276,-0.1754656780282495,0.0993671282467646,-0.1990019442284681,-0.0015457004736162,0.333333333,1
1.4,-0.639440740729,-1.58630092415,0.611038544088,0.0355979878801035,-0.0329800559992033,0.6799966765043683,0.7316075581267535,0.4664111559017708,0.0848563886425172,-0.1108392408459028,0.4347112302019442,-0.0393564023742788,0.1407462595433701,0.4020243908877955,-0.1611647331525857,-0.1789240807165616,0.0982672072561798,-0.2014401998737935,-0.0021440907094119,0.5,1
1.43333333333333,-0.639212949674,-1.58605521343,0.610056074064,0.0345341070484031,-0.0331960374680027,0.6795994854781472,0.7320177305807763,0.4608957148229843,0.0870078660103804,-0.1290267632238801,0.378068727593006,-0.0167309187608909,0.1153503013812497,0.4123220525941161,-0.1646642996320395,-0.1825858155124534,0.0979278351319439,-0.2041771907447364,-0.0023721357196386,0.666666667,1
1.46666666666667,-0.639414017599,-1.58784587141,0.608920596782,0.0328053166072125,-0.0334287830705356,0.6789677591685045,0.7326725801300492,0.4546342624892102,0.0879674335714346,-0.1478398934206207,0.3226213595741417,0.0046913052324179,0.0907979445950415,0.4220160360929598,-0.1680684220948908,-0.1863395174609076,0.0983195595178239,-0.207146165363515,-0.00221319409405,0.833333333,1
1.5,-0.639721786981,-1.59180758262,0.607732517784,0.0309426803339213,-0.0337073210828481,0.6781336889966912,0.7335128266682932,0.448280684977679,0.0876814741948207,-0.1672788026464153,0.269315228754567,0.0243211547279797,0.0676576873469776,0.4312160534278023,-0.1712720406333293,-0.1900495118244299,0.0993961298346709,-0.2102538674205523,-0.0016486038186119,1,0.833333333
1.53333333333333,-0.639748549139,-1.59792288004,0.606191867703,0.0294582952065087,-0.0339822537850339,0.6772757617943443,0.7343534283688655,0.4424270159052942,0.0862194289883646,-0.1871459421004286,0.2191829908000402,0.0415820864991048,0.0464578999836719,0.4400703629510041,-0.174173193588225,-0.1935867125118355,0.1011188741669934,-0.2134013380987058,-0.0006562678191259,1,0.666666667
1.56666666666667,-0.639391994456,-1.60619621353,0.60438224585,0.028400871254607,-0.0341666967409303,0.6765194858738824,0.7350832691462447,0.4375217725616805,0.0837959112067985,-0.2070452326228815,0.1732623517363937,0.0559741669190041,0.0276102925843742,0.4487424180791803,-0.1767011050920487,-0.196849579764946,0.1034835049527409,-0.2165018423890896,0.0007760653388776,1,0.5
1.6,-0.63888352524,-1.61692055309,0.602392012599,0.0274379638760369,-0.0342345792719854,0.6758536418572278,0.7357288947083223,0.4338063406808397,0.0807538361510799,-0.2264164157382967,0.1324883132121732,0.0671502556351425,0.0113771371827976,0.4573813539311277,-0.1788305383222132,-0.1997732906546331,0.1065364798644221,-0.2194895035195947,0.0026284093284128,1,0.333333333
1.63333333333333,-0.638533722589,-1.63110255254,0.600443851579,0.0262746140424853,-0.0342701143103427,0.6751786922809494,0.7363891209217186,0.4312777373461274,0.0775105500776985,-0.2446035830584443,0.0975832760098181,0.0749939584525169,-0.0021171096265768,0.4660912257985596,-0.1805736044994011,-0.2023274936494299,0.1103716343977135,-0.2223186210728075,0.0048276492936089,1,0.166666667
1.66666666666667,-0.63852259276,-1.64927223531,0.598781980698,0.0249565620363706,-0.0344153830358675,0.6744002870513752,0.7371411019925846,0.4296865529954935,0.074482521815782,-0.2609452073348278,0.068967842139011,0.0796840628925993,-0.0128418798889902,0.4749039829934042,-0.1819530362260891,-0.2045054417249091,0.115107406060896,-0.2249589928232799,0.0072377484378366,1,0
1.7,-0.639377018448,-1.65591326428,0.596998305816,0.0238176394915112,-0.0347512841566192,0.6734968713121845,0.7379885044031628,0.4285769735687252,0.0720109099939207,-0.2748606911335396,0.0467088331919226,0.0817300288319876,-0.0208058492843835,0.4837626395240385,-0.1829707507479891,-0.2063093758982903,0.120854679819763,-0.2273920971716788,0.0096658468340255,1,0
1.73333333333333,-0.640438143048,-1.66038647634,0.595494140439,0.0231831689547192,-0.0352158991873796,0.6725231791700329,0.7388741128234723,0.4273692673375389,0.0703083816087826,-0.2859054416151445,0.0305143564897924,0.0819658479932307,-0.0260156412267901,0.4925211230000922,-0.1835863560621306,-0.2077381856167878,0.1276898818441327,-0.2296079111749334,0.0118845172253502,1,0
1.76666666666667,-0.641443607093,-1.66350288338,0.594408602296,0.0231078788944719,-0.0356501378177641,0.6715373468047207,0.7397517728623901,0.4254743576449551,0.0694388124100211,-0.2937787923958396,0.0197785573984874,0.0814928205142043,-0.0284646042771688,0.5009628269251782,-0.1837135604358004,-0.208783887572297,0.1356454562418056,-0.2315982609725764,0.0136676276514056,1,0
1.8,-0.642449339111,-1.6649204711,0.593915010172,0.0233422754284603,-0.0359341022011162,0.6705057962960922,0.7406658191182883,0.4224181662472225,0.0693299806877859,-0.2982918837005612,0.0136685776600804,0.0815659785385777,-0.028153636246737,0.5088329855840185,-0.1832338765228533,-0.2094424309579821,0.1447211553728997,-0.233343668248362,0.0148353406146383,1,0
1.83333333333333,-0.643711554719,-1.66447072196,0.594160565605,0.0235116874034188,-0.0360581692627375,0.6692982840700186,0.7417457892875379,0.4179452490119529,0.0698108110761186,-0.2993234953927234,0.0112352226347396,0.0834276166757155,-0.0251317333570499,0.5158756764620375,-0.182021614926081,-0.2097397565759625,0.1549093450136917,-0.2347944528318545,0.0153022248956385,1,0
1.86666666666667,-0.645375828764,-1.66219373466,0.59517365297,0.0233417487872512,-0.0360365701218714,0.6678222375610221,0.7430814137067311,0.4120709133970041,0.0706626346566932,-0.2967995872581838,0.0115231221774202,0.0881067530689787,-0.0195368831729384,0.5218667423566571,-0.179972950819155,-0.2097660744969035,0.1662224522521649,-0.2358497787558053,0.0151206458774976,1,0
1.9,-0.647208526706,-1.65826729787,0.596843094126,0.0227833742504066,-0.0357756055151707,0.6661829109164419,0.744581327398616,0.4050601534819716,0.0716755582940862,-0.2907224580886876,0.0136590466581823,0.0962207092964358,-0.0116192733384647,0.5266370736739414,-0.1770316615874367,-0.2097037015811398,0.1787129829081434,-0.2363403146113105,0.0145082795166015,1,0
1.93333333333333,-0.648653634667,-1.65298631714,0.598945817853,0.0220110594814148,-0.0350853317976383,0.6646824954698157,0.745977019062366,0.3973307011030572,0.0727016950810133,-0.2812505858479366,0.0169057858155424,0.1078255180186071,-0.0017365977038137,0.5300832057058043,-0.1732029026948111,-0.2098314719915145,0.1924819611939717,-0.2360218208011441,0.0138451421440064,1,0
1.96666666666667,-0.649207888429,-1.64681522223,0.601194167828,0.0213298241574283,-0.0338506365603496,0.6636105242494574,0.7470075268102944,0.3893038106304014,0.0736967525829699,-0.2687994516864018,0.0206786029330182,0.1223594657406359,0.0096769481665611,0.5321631476541854,-0.1685471555255565,-0.2104946280969417,0.2076755653476825,-0.2345860998356514,0.0136276910036245,1,0
2,-0.648819905855,-1.64034911928,0.603318061169,0.021005112435877,-0.0321763057908738,0.6630055447991969,0.7476276601107856,0.3812504588911601,0.0747427619658358,-0.2541116505733894,0.0245291467008348,0.1387072880288092,0.022155051044496,0.5328767684585445,-0.1631527923461561,-0.2120422193436537,0.2244718983011928,-0.2316903332146594,0.0143794955807458,1,0
2.03333333333333,-0.647999699266,-1.63407219004,0.605176567191,0.0210638727799579,-0.0303433622420958,0.6626315283562347,0.7480341243951609,0.3731879967325957,0.0760470749650379,-0.2382455326288477,0.0281084750901695,0.155383247811186,0.0352397541193316,0.532233578897185,-0.1570953308249917,-0.2147489588359875,0.2430617832435242,-0.2269978305619155,0.0165352715300003,1,0
2.06666666666667,-0.647530232979,-1.62808237684,0.606813011036,0.0212318788281763,-0.0286065856535184,0.662219972157102,0.7484621426998969,0.3648656390912774,0.0779147665494405,-0.222459278734778,0.031127053799912,0.1707966972100754,0.0485064929239841,0.530214850462474,-0.1503986624003078,-0.2187472865063583,0.2636288496173028,-0.2202178457192929,0.0203274713738458,1,0
2.1,-0.647934616091,-1.62208575165,0.608367166322,0.0211617487228055,-0.0269969715800822,0.6617633508906026,0.7489276409203618,0.3558442530500184,0.0806948779982258,-0.2080101003100779,0.0333322446530668,0.1835366947694043,0.061573650200399,0.5267388909457411,-0.1430149914630175,-0.2239930620553984,0.2863338670526226,-0.2111335286873852,0.0257054200923103,1,0
2.13333333333333,-0.649069238545,-1.61572946391,0.609896170695,0.02082933860326,-0.0252765337913047,0.6615724598089072,0.7491656131425413,0.3456424965162657,0.084707589507157,-0.1959249985269039,0.0345178533243876,0.1926050700600912,0.0741059008059146,0.521637659570694,-0.1348352210963869,-0.2302769011045432,0.3113066061019937,-0.1996140106485586,0.0323071325638078,1,0
2.16666666666667,-0.650220657003,-1.60896604758,0.611283646327,0.0206970409545771,-0.0230870077293144,0.6620155223113104,0.7488484965523494,0.3339000816435705,0.0901675460230594,-0.1868127344109951,0.0345649452700782,0.1975437080134933,0.0858228480290284,0.5146518670271185,-0.1257302389806575,-0.2372790381668525,0.3386462868022806,-0.1856133991180365,0.0394889883539722,1,0
2.2,-0.6507095498,-1.60206976796,0.612344229064,0.0213817044522789,-0.0201996937427253,0.6631690053540233,0.7478914797115762,0.3205056552994786,0.09712346483959,-0.1807726295850159,0.0334955573038708,0.1984351255264166,0.0965187646650296,0.5054505375383823,-0.1156090076477098,-0.2446536970538612,0.36842912150099,-0.169162317100502,0.046403986803729,1,0
2.23333333333333,-0.650487211945,-1.59529722437,0.61301623026,0.0230869949436439,-0.0166800840132766,0.6647288450599649,0.7465415782171998,0.3056509766532057,0.1054322085212182,-0.1774231132915313,0.0315114160786141,0.195792207911892,0.1060884205466878,0.4936767719468101,-0.10446858439335,-0.2521214815765268,0.4007187399450123,-0.1503576984924805,0.0521090897100613,1,0
2.26666666666667,-0.650144852032,-1.58858925758,0.613438020796,0.0253774713985792,-0.0128369294677976,0.6662930580983089,0.7451474739387209,0.2897981986147329,0.1147760611031082,-0.1760342853485688,0.0289932015913196,0.1903797177641041,0.1145451275967766,0.4790132478147544,-0.0924110148221234,-0.2595467924878598,0.4355729868939196,-0.1293562940185333,0.0556782259956992,1,0
2.3,-0.650333966377,-1.58165961884,0.613828225331,0.027548470718358,-0.0090233652578417,0.6677342389214942,0.7438350938295641,0.2735736934541235,0.1247181276638847,-0.1757172074277778,0.0264495268873879,0.1830204300119185,0.122017497164738,0.4612531814897035,-0.0796136942489938,-0.2669822008363191,0.473039695733586,-0.1063767841045717,0.0563003785341807,1,0
2.33333333333333,-0.65120893969,-1.57437101738,0.614297797528,0.0292124138305624,-0.005489199755352,0.6692705677721421,0.7424240100361735,0.2576217701827996,0.1347789692670152,-0.1756104034491338,0.0244223716379689,0.1744341836187034,0.1287207709586787,0.4403597182359683,-0.0662582358317516,-0.2746707294158082,0.513135773479631,-0.0817133547714445,0.0533504231488059,1,0
2.36666666666667,-0.652427149101,-1.56697281415,0.614792796025,0.0305140513814464,-0.0023859054204957,0.6711733658815492,0.7406682881390609,0.2424597967176435,0.144513523064784,-0.1750161582322985,0.0233710331658555,0.1651428190814515,0.1349094422062288,0.416499492862817,-0.0524404103683405,-0.2830063946560566,0.5558085745951984,-0.0557602626983835,0.0464310664868104,1,0
2.4,-0.653589529114,-1.5599317249,0.615205510725,0.0318296052396047,0.0001676559302871,0.6734439917143806,0.738552664436045,0.2283714654999856,0.1535717029815944,-0.1734671486408234,0.0235651832912585,0.1554514175939427,0.1408237258981364,0.390042562824215,-0.038093517818391,-0.29246090536228,0.6008849402694577,-0.029043243031052,0.0353931225370917,1,0
2.43333333333333,-0.654588204396,-1.55354936612,0.615503196044,0.0333477338168217,0.0020853766812974,0.6757937756825496,0.7363330446218636,0.215359916553662,0.1617342008726636,-0.1707309870416033,0.0250170638026146,0.1454926148823929,0.1466432557514871,0.3615293943774073,-0.0229557168906789,-0.3034897396898509,0.6480197982933035,-0.0022496287751163,0.0203441654626669,1,0
2.46666666666667,-0.655568874242,-1.54777528855,0.615743757988,0.0349625778363058,0.0033679177191266,0.677890935989198,0.734322922279406,0.2031633563495627,0.1689216127926987,-0.1667744291327356,0.0274732813599367,0.1353046964333649,0.1524602611107767,0.3316144026756001,-0.0065989759229769,-0.3164339752562006,0.6966607327262198,0.0237552625159444,0.0016510503979013,1,0
2.5,-0.656689602411,-1.54235307297,0.616001394094,0.0364843913569759,0.0041102526040063,0.6795665258824009,0.7326945693199634,0.1913203095732986,0.1751788984755123,-0.1617095690181247,0.0304709386313488,0.1249107767451816,0.1582809926548024,0.3010019019007906,0.011481466023572,-0.3314349078655448,0.7460443906831155,0.0479409455731039,-0.0200665554496372,1,0
2.53333333333333,-0.657984872924,-1.53705889414,0.616305801026,0.037849934311636,0.0044407666200908,0.6808072661262882,0.7314705246652664,0.179264662923563,0.1806405374460589,-0.1557378783119931,0.033445990674513,0.1143739625455494,0.1640551494691184,0.2703904630872952,0.0317361993281968,-0.3483765382675767,0.7952334458395317,0.0691678703095388,-0.0439609327819095,1,0
2.56666666666667,-0.659399661254,-1.53176023445,0.616647849147,0.0391205441070451,0.0044717861854716,0.6816665187870918,0.7306027260568958,0.1664318196447947,0.1854854579078185,-0.1491015195468164,0.0358678682318275,0.1038169212482385,0.1697205047857424,0.2404338942241806,0.0544203561824122,-0.3668667217772549,0.8431917892006497,0.0862922694640154,-0.0690087702978543,1,0
2.6,-0.660856388882,-1.52631163455,0.617015970089,0.0403570667837622,0.0043067804284016,0.6822706955663697,0.7299722301391571,0.1523618012852616,0.189892879324947,-0.1420479415522834,0.0373660079965152,0.0934085774832662,0.1752426446080762,0.2117148586587287,0.079476514431079,-0.3862611309194132,0.8888854056164811,0.0983095800404983,-0.0940935823867385,1,0
2.63333333333333,-0.662281620215,-1.52051536305,0.617407433572,0.0415651393963608,0.0040438624510178,0.6828711704495969,0.7293441923620397,0.1367872762479288,0.1940086646939016,-0.1348111763298998,0.0378139097406495,0.083330989208633,0.1806339200890948,0.1847182718375865,0.1064715392004489,-0.4057257624021045,0.931389703082549,0.1045088952416626,-0.1181097486160725,1,0
2.66666666666667,-0.663546903663,-1.51426126858,0.617820066578,0.0427572347636346,0.0037148762319131,0.6837689268985737,0.7284353596427908,0.1196921704764521,0.1979268781808447,-0.1276087043227046,0.0373468488058117,0.0737427280838176,0.1859476485739524,0.1597927420479679,0.1346053227946319,-0.4243264543278688,0.9699817264439992,0.104600425752586,-0.1400714716256137,1,0
2.7,-0.663761440517,-1.50770632906,0.618329887302,0.0440255561969607,0.0032163921929798,0.6851216534572968,0.7270899017224411,0.1013240395362509,0.2016852137824426,-0.1206476060144913,0.0363082283707199,0.0647518652641429,0.1912544683633366,0.1370995236178067,0.162792559597509,-0.4411305903652031,1.0041983478455307,0.098780619386988,-0.1592066217948726,1,0
2.73333333333333,-0.662873272865,-1.50124881341,0.618905700448,0.0455235778283053,0.0023497761889751,0.6868592331138632,0.7253595496716146,0.0821484545862791,0.2052692236364166,-0.1141310916676692,0.0351407102217514,0.0564048997768784,0.1966127846917426,0.1165627285983029,0.1898008564828341,-0.4553056957776498,1.0338485837077405,0.087714558131336,-0.175017485196007,1,0
2.76666666666667,-0.661996277864,-1.49523126459,0.619393233342,0.0473470519679811,0.0009843225649056,0.6888395197404634,0.723365332195812,0.0627492582450862,0.2086212032006354,-0.1082569527906307,0.0342548720314777,0.0486904782563534,0.2020452255416331,0.0978431139020459,0.2144157836808642,-0.4661991631535966,1.0589778645759882,0.0724360954012808,-0.1872979132791803,1,0
2.8,-0.661230296106,-1.48966609367,0.619801279859,0.0493869734713984,-0.0007950634709989,0.6910718173788908,0.7210964137686788,0.0436977593191437,0.2116535101403885,-0.1032023257495737,0.0339145443137277,0.0415514255681387,0.2075295049195782,0.0803553434121261,0.2355997607475738,-0.4733838163638059,1.0797936189124446,0.0541859966393569,-0.1961073290923415,1,0
2.83333333333333,-0.660630263251,-1.48416573834,0.620188744982,0.0512789670984469,-0.0027065711177333,0.6937335507888138,0.7183988464050075,0.0254252136327474,0.2142682069535839,-0.0990946117105087,0.0341712944306686,0.0348981513835781,0.2130055493887304,0.0633356657980897,0.2526157090170611,-0.476659739482755,1.0965736187904551,0.0342226732283078,-0.2017117335293067,1,0
2.86666666666667,-0.660368600528,-1.47821597414,0.6206190803,0.0525561384299737,-0.0044548592380879,0.6969503877794236,0.7151770155119705,0.0081309263555489,0.216382267700507,-0.0959757760009828,0.0348626258401721,0.0286202257555252,0.2183934246627062,0.0459498774669976,0.2650947343853091,-0.4760157119015293,1.1095855828233687,0.0136468503829616,-0.2045070013257409,1,0
2.9,-0.660631163947,-1.47159976164,0.621113283863,0.0529596227836547,-0.0059232068749915,0.7005930921459521,0.7115683475340246,-0.0082527889420856,0.2179523799106525,-0.0937732979138433,0.0356666576839037,0.0225965409792837,0.2236130905704262,0.0274188839929898,0.2730376963264715,-0.4715688797419639,1.119041925449786,-0.0067208177300636,-0.2049413325392456,1,0
2.93333333333333,-0.661426322317,-1.46460599962,0.621629326041,0.052664356095834,-0.0072187442826596,0.7043205512153189,0.7078890566068542,-0.0240312851542884,0.2189909081556007,-0.0922916272018057,0.0361901107921144,0.0167051074285903,0.2285994938208725,0.0071354071912515,0.2767532123730457,-0.4635092630442602,1.125097837105966,-0.0263832180752667,-0.2034532398482841,1,0
2.96666666666667,-0.662526617786,-1.45781719494,0.6220954298,0.0521831211256771,-0.0085527856834478,0.7078117079764056,0.7044191634092299,-0.0396609700759454,0.2195676245888348,-0.0912317637320469,0.0360625408319309,0.0108321876488266,0.2333114460930217,-0.0152509346288577,0.2767492059213708,-0.4520698390166692,1.1278826324338516,-0.0451281769201764,-0.2004369139943262,1,0
3,-0.663634412403,-1.45164710461,0.622465313289,0.0519943359917901,-0.0100673507550173,0.7109347208932298,0.7012610498965516,-0.0556279430041734,0.2197974294562416,-0.0902367537157607,0.0350161599129648,0.0048793799349596,0.2377351527287143,-0.0397945294371003,0.2736083205425821,-0.4375265011274915,1.1275426645432631,-0.0629300986553497,-0.1962360375678376,1,0
3.03333333333333,-0.664595462758,-1.4460245362,0.622740891474,0.052218027132897,-0.011734845032844,0.7137127344360773,0.6983907958716099,-0.0723256584797773,0.219817760281999,-0.0889526548111503,0.0329394999377325,-0.0012324887648574,0.2418827760447458,-0.0662642988928381,0.2678828930061534,-0.4202158387873369,1.1242730009744724,-0.0798310783813474,-0.1911542439707767,1,0
3.06666666666667,-0.66543904243,-1.44047542351,0.62295001201,0.052618058825191,-0.0133859336520789,0.7161925894526735,0.6957875620322665,-0.0899643226031424,0.2197602996279556,-0.0870907520334888,0.0298985032305679,-0.0075621200456083,0.2457862785059194,-0.094197744256905,0.2600376616036401,-0.4005519338988058,1.11832247998471,-0.0958416425953712,-0.1854642605287344,1,0
3.1,-0.666250512756,-1.43450946127,0.623110230185,0.0528873037056588,-0.0148414373727256,0.7184016514093415,0.6934563663964648,-0.1085304239046828,0.2197230046893941,-0.0844771459443816,0.0261218210166788,-0.0141465781300189,0.2494884805896137,-0.1229859300207922,0.2504494297123293,-0.3790281310369318,1.1099677691187977,-0.1108875304782595,-0.1794025587121998,1,0
3.13333333333333,-0.66706546519,-1.42799500655,0.623215609779,0.0529287654233053,-0.0160688867386175,0.7204217116590448,0.691326908227937,-0.1277968025633325,0.21975063343623,-0.081078618878743,0.0219533418419411,-0.0209977882128497,0.2530349221399364,-0.151972585380518,0.2394502252748846,-0.3562003804853678,1.0994632500529409,-0.1248080964547068,-0.1731479310040194,1,0
3.16666666666667,-0.667895904918,-1.42124940784,0.623257028083,0.0528997495605158,-0.0172505413657629,0.7224335159294621,0.6891979761874075,-0.1473720850093773,0.2198311638340988,-0.0769980860797151,0.0177842801408911,-0.0280978639113527,0.2564695176994379,-0.1805468691411642,0.2273840837780391,-0.3326573693463592,1.086983524621682,-0.1373929533435462,-0.1667934150162185,1,0
3.2,-0.668800220029,-1.41478992829,0.623247366875,0.0530238445391806,-0.0186761105331592,0.7246140419563598,0.686858184056436,-0.166774856327788,0.2199101077513478,-0.0724396458971645,0.0139834574490771,-0.0353980921959875,0.2598342290058881,-0.2082087152738599,0.2146449670918863,-0.3089849784251871,1.072581002103668,-0.1484332567318031,-0.1603259065347662,1,0
3.23333333333333,-0.669863424775,-1.40893122856,0.623215417311,0.0533593442745685,-0.0205033636212234,0.7269716302576739,0.6842840355139844,-0.1855184727253877,0.2199177434075457,-0.0676523622515182,0.0108433184921538,-0.0428256634889707,0.2631699929547195,-0.2345928614515596,0.2016754754118648,-0.2857303022765038,1.0561776991448046,-0.1577645301169506,-0.1536251199832618,1,0
3.26666666666667,-0.671101232069,-1.40354469539,0.623173811448,0.0537255857636441,-0.0225831854363238,0.7293257771148997,0.6816798896884443,-0.2031933221096198,0.2197996558977292,-0.0628699209160794,0.0085521313112612,-0.0502978912895132,0.2665149142226308,-0.259452697353366,0.1889262849902458,-0.2633682653577928,1.037596953337745,-0.1652862713792759,-0.1464856078827218,1,0
3.3,-0.672416719619,-1.39819140999,0.623101837617,0.0538496939467274,-0.0245372091245605,0.731495571917626,0.6792734089415887,-0.2195335313853902,0.2195402440656821,-0.0582647900938273,0.0071936680379533,-0.0577404457492015,0.2698974021267625,-0.2826202883868268,0.17679412083885,-0.2422740757317326,1.0166234763193682,-0.1709552361194606,-0.1386564692339234,1,0
3.33333333333333,-0.673671490372,-1.39252002009,0.622964607065,0.0536019781800935,-0.0260490064180546,0.7334982334421161,0.6770735696636726,-0.2344554393650734,0.2191717685625193,-0.0539292548440308,0.0067678965517032,-0.0651057456173534,0.2733261630293661,-0.3039653349652509,0.1655633669117361,-0.2227051123995234,0.9930692206392472,-0.1747603571000919,-0.1298873067976169,1,0
3.36666666666667,-0.674792035952,-1.38655465056,0.622747098548,0.0530973204411243,-0.027101257588482,0.7355083275277078,0.6748879140542445,-0.2480576294586892,0.2187670600949949,-0.0498855892610115,0.0072222665869433,-0.072387809432062,0.2767828626395197,-0.3233711651442237,0.1553718699802943,-0.2047933735197027,0.9668234387847752,-0.1766947085835939,-0.1199686198504307,1,0
3.4,-0.675791209236,-1.38060370565,0.622465919433,0.0525701246934803,-0.0279357363976905,0.7375947586737144,0.6726142643437588,-0.26057893199305,0.2184200531029509,-0.0461172228604729,0.0084835258793372,-0.0796292719908741,0.280223069447272,-0.3407348574186633,0.1462098940601689,-0.1885455060213663,0.9378750593318732,-0.1767412061698351,-0.1087593362719082,1,0
3.43333333333333,-0.676686563922,-1.37492835041,0.622146022445,0.0521755993352103,-0.0288040065781381,0.7395543007412045,0.6704531842673628,-0.2723218590009891,0.2182216394182834,-0.0426042984972601,0.0104826445263609,-0.08691665902098,0.2835865656346623,-0.3559876322555764,0.13794843260936,-0.1738464458989363,0.9063071701235108,-0.1748821888748544,-0.0962001827540861,1,0
3.46666666666667,-0.677427293576,-1.36954668028,0.621792365669,0.0519415230339804,-0.0297805188765511,0.7411100650834902,0.6687085092267773,-0.2835615089530975,0.2182372889655159,-0.0393454973374546,0.0131680270829126,-0.0943632153421717,0.2868132860600932,-0.3691250082557186,0.1303837972353696,-0.1604673177955047,0.872271829918021,-0.1711305177139907,-0.0823160981289633,1,0
3.5,-0.677942271592,-1.36437237441,0.621397315039,0.0518791448719716,-0.030792430412956,0.7423143606743658,0.6673303308656245,-0.2944678868237559,0.2184902046400073,-0.0363574463407268,0.0165047317665579,-0.1020836970253687,0.2898591608482435,-0.3802344944806624,0.1232831970955261,-0.1480838797204879,0.835956906131618,-0.1655679833358241,-0.0672120123591527,1,0
3.53333333333333,-0.67828568692,-1.35966443489,0.620996518721,0.0520403997425895,-0.0317496299109312,0.7436635069260374,0.6657689886601943,-0.3043385644206792,0.2190587752219085,-0.0341473733981586,0.01999667646211,-0.1088913535682518,0.2930046861944726,-0.3945459554775506,0.1168590555866796,-0.1314661764405116,0.8024079098609215,-0.1604698287300623,-0.0505023298932261,1,0
3.56666666666667,-0.678574278383,-1.3547280365,0.620528449683,0.0523796567993903,-0.0325923338739468,0.7456581189006439,0.663466714345023,-0.3140732515713832,0.2198007804607929,-0.0320264059371625,0.0244827092064358,-0.1167258500293578,0.2958153447383581,-0.4044735813402731,0.1102278671758182,-0.1178412073189622,0.7643204180044588,-0.1527995209431535,-0.0332206808670209,1,0
3.6,-0.678971163682,-1.34944655492,0.619981178369,0.0526713571867075,-0.0332447791797609,0.7482409324359077,0.6604967977339804,-0.3234439014360221,0.2205810088809189,-0.0299801667437388,0.0297278597030292,-0.1254516628117341,0.2983871741015707,-0.4111502934951283,0.1032713725287017,-0.1061738368232204,0.722547236097502,-0.1433062788800581,-0.0156908232222586,1,0
3.63333333333333,-0.679446903674,-1.34379408572,0.61933280779,0.0526205455621476,-0.0336063674221569,0.7506820016015691,0.6577067908459597,-0.3322056806202355,0.2212892633508332,-0.0280047605735001,0.035469789079759,-0.134871374783894,0.3008243916929214,-0.415814864141881,0.0959782289702448,-0.0953136197433857,0.6780397517613158,-0.1327489170215371,0.001852713048509,1,0
3.66666666666667,-0.679787959733,-1.3379755282,0.618575983799,0.0521404181022093,-0.033664101109752,0.7522023187528276,0.656002878621328,-0.3401944710907794,0.2218683791496809,-0.0261013569078144,0.0414472874010844,-0.144754211749544,0.3032188042390883,-0.4195988939730117,0.0884442216537901,-0.0841864048648281,0.6317806916584097,-0.1218115935297774,0.019261716959387,1,0
3.7,-0.679829397188,-1.33248235108,0.617746985345,0.0514514975354905,-0.0335423243644685,0.7526921972152326,0.6555014203866302,-0.3473751165435144,0.2223183550339645,-0.0242760745927783,0.0474278583498258,-0.154864547237832,0.3056378830521771,-0.4233548414883512,0.0808555007687901,-0.071932779956398,0.5847053124894279,-0.1110432852635699,0.0364585082800132,1,0
3.73333333333333,-0.679575624328,-1.32651263823,0.616911005888,0.0508280385086762,-0.0333658180991225,0.7527888618354738,0.655448062153203,-0.3538396241684891,0.2226802701814363,-0.022539941424521,0.053225405085885,-0.1649866132786385,0.3081189916792512,-0.4275608777467254,0.0734528458141619,-0.0579656680397083,0.5376178548565258,-0.1008289555812609,0.0534132929126458,1,0
3.76666666666667,-0.678587207096,-1.30964653404,0.616238388603,0.0502844362587106,-0.0330754400437525,0.7532762492247312,0.6549445648984167,-0.359771940174139,0.2230118934981847,-0.0209007847937424,0.0587044752715393,-0.1749433257592918,0.3106663176180123,-0.432309795293113,0.066484260156031,-0.0419595269373268,0.491112790632223,-0.0913886052265925,0.070119472894535,1,0.166666667
3.8,-0.67827443739,-1.2998991654,0.615755033974,0.0495929136615927,-0.0324476548743168,0.7544373921437729,0.653690992704515,-0.3654022572714775,0.2233667970598462,-0.019342689702162,0.0637719186921047,-0.1846078166514453,0.3132500945753462,-0.4373679995505367,0.0601571417507416,-0.0238097998215051,0.4455148576442754,-0.0827946306581772,0.0865714437584885,1,0.333333333
3.83333333333333,-0.678395290813,-1.2955611672,0.615181914389,0.048605738602496,-0.0313457150945167,0.7559470631485425,0.6520728226488302,-0.3709693633312235,0.2237831100770111,-0.0177980567585689,0.0683602924340226,-0.19390612401823,0.315810622996096,-0.4422810408843268,0.0545996189538611,-0.0036041308974333,0.400858723523409,-0.0750001703559644,0.1027496958231012,1,0.5
3.86666666666667,-0.678647834226,-1.2946665184,0.614412383031,0.0474748679469964,-0.0299288776480512,0.7572757826209782,0.6506794819662968,-0.3766994933291752,0.2242810904987016,-0.0161247142577421,0.0724092886017142,-0.2028104752629851,0.318269434612089,-0.4465027739789984,0.0498374630500946,0.0183729607534425,0.356935010289546,-0.0678765946243106,0.1186149183638247,1,0.666666667
3.9,-0.678898453607,-1.29644611063,0.61341126399,0.046501793254132,-0.0285534839103432,0.7581233360975351,0.6498240446806162,-0.3828007254200869,0.224864869263342,-0.0140991640204197,0.0758499523861449,-0.2113246121667996,0.3205463353288561,-0.4495294243884506,0.045790754861075,0.0416099454134154,0.3134261665555358,-0.0612597173087465,0.1341049537294675,1,0.833333333
3.93333333333333,-0.679156706279,-1.30081406443,0.612251920339,0.045800413616364,-0.0274376231816312,0.7585210226599797,0.6494577408342836,-0.3894667122120118,0.2255258006510177,-0.0114299279097154,0.0785931380105728,-0.2194627844807797,0.3225773308726548,-0.451020470224221,0.0422932594090842,0.0653393142965508,0.2701365743593568,-0.0550004929876356,0.1491211411429614,0.833333333,1
3.96666666666667,-0.67935892258,-1.30710484689,0.610624493064,0.0451594811520492,-0.0264471091961634,0.758644081285975,0.6493999765991703,-0.3968823140025036,0.2262496311582532,-0.0077905421478666,0.0805247325813143,-0.2272219754880685,0.3243279663227645,-0.4508838785669638,0.039135592497298,0.0885318164546084,0.227287608808857,-0.0490130339127801,0.1634916173650782,0.666666667,1
4,-0.679424421335,-1.31508971609,0.608661113588,0.044280402792057,-0.0252778687138056,0.7585988854930487,0.6495598557566233,-0.4043281899357815,0.2270687896997658,-0.0036854398373024,0.081530298240762,-0.2339436508178196,0.3260004387772365,-0.4527455588782881,0.0359371563837953,0.1119856123460787,0.1890491775418156,-0.0442758924130949,0.1766855402600792,0.5,1
4.03333333333333,-0.679227103248,-1.32489317576,0.606516784678,0.0431188250316253,-0.0238447218031662,0.7584376402359411,0.6498804059543254,-0.4123899665748829,0.2279846774812123,0.0013605736780053,0.0818189681922664,-0.240041358546841,0.3275980862723209,-0.4548649726264331,0.0326938726685572,0.1325938605022722,0.1551398712316483,-0.0401715373751024,0.1883728254696778,0.333333333,1
4.06666666666667,-0.678711926015,-1.33785515288,0.604277537792,0.0419406312841716,-0.0224285165053199,0.7582407219690668,0.650237612448468,-0.4211013978732064,0.2289993617665202,0.0072395548972842,0.0817422487019551,-0.2455418162202937,0.3291834965812202,-0.4575196566799154,0.0293594769374834,0.1489067708865932,0.1269937381282761,-0.0366632747239843,0.1982263942588043,0.166666667,1
4.1,-0.67787270162,-1.35459356403,0.602019719349,0.0410400603170947,-0.021377882044359,0.7581213492714425,0.650469614499643,-0.4304635524456058,0.2301281423349334,0.0137006263489987,0.0817631794183977,-0.2504871768482958,0.3308029986301584,-0.4607878832631328,0.0260122467167733,0.1600846793927726,0.1057203852886429,-0.0337267910738533,0.2059563735578473,0,1
4.13333333333333,-0.676397861447,-1.36032200789,0.600205420481,0.0404861459118206,-0.02075757028514,0.7581367367715118,0.6505064823831562,-0.4404286950344341,0.231382660826843,0.0204485668105589,0.0823292784716781,-0.2549514434961399,0.3324814385539482,-0.4645380245156044,0.0228011540314859,0.1660865538476942,0.0917946541121994,-0.0313336240366607,0.2113656256043998,0,1
4.16666666666667,-0.674879763569,-1.36350294129,0.598971610388,0.0401590772169623,-0.020365758035735,0.7582403855667914,0.650418328548816,-0.4508891944896545,0.2327539322503953,0.0272640242072093,0.0837492195272248,-0.25904019115223,0.3342282807799023,-0.4685065868223852,0.0198615225901416,0.1676014122769037,0.0849415515685787,-0.0294195235119865,0.2144043960114199,0,1
4.2,-0.67341803048,-1.36492738148,0.598417026199,0.0399464417747797,-0.0200136776539912,0.7583694476878804,0.6502918693247484,-0.4616898027660425,0.2342058255239932,0.0340786484510337,0.0861388894258537,-0.2628673491461663,0.3360455066669294,-0.4724125588352421,0.0172417762747192,0.1657559394580861,0.0842741833841423,-0.0278576669581878,0.2151944640091493,0,1
4.23333333333333,-0.671955763091,-1.3647644853,0.598471993642,0.0398341495428449,-0.019680159309993,0.7585386914793697,0.6501115176556227,-0.4726666509434098,0.2356803017543075,0.0409661542063784,0.0894602935104177,-0.266523870695761,0.3379295737689287,-0.4760426304071138,0.0148804377987643,0.1617344132925185,0.0886197973083536,-0.0264609751709553,0.2140008520634502,0,1
4.26666666666667,-0.670402010901,-1.36336426414,0.598987670951,0.039833658301364,-0.0194206278355495,0.7587962718329803,0.6498186952782855,-0.4836922877475471,0.2371104114605838,0.0480663073437173,0.0936203759434789,-0.2700576685672658,0.3398676987434407,-0.4792724204473578,0.0126462972914376,0.1564794198635763,0.0968775956557785,-0.0250225573981278,0.2111537273259503,0,1
4.3,-0.668725712284,-1.36093014817,0.599853867497,0.0399059490509182,-0.0192473741513765,0.7591209390256405,0.649440107901762,-0.4946955057117576,0.238434262718884,0.0555016327642651,0.0985658225908814,-0.2734732774854167,0.3418345374389665,-0.4820363701038896,0.0104133623096456,0.1505836261102429,0.1082453247523595,-0.0233757664627798,0.206954788028362,0,1
4.33333333333333,-0.666956787252,-1.35750545282,0.601009261838,0.0399939966423366,-0.0191424784833461,0.7594383146083387,0.6490666314446718,-0.5056425882199135,0.239601928789596,0.0633436088355598,0.1043218054326484,-0.2767472516065685,0.3437948076954568,-0.4842857496538229,0.008114101797022,0.1443731009390492,0.1222339070490825,-0.0214337620171228,0.2016187741277823,0,1
4.36666666666667,-0.665119929216,-1.35307162119,0.602412643793,0.0400698044359415,-0.0191143399996703,0.7597105843953023,0.6487440795387582,-0.5164790007478424,0.2405446184497037,0.0716992298992625,0.111041597930203,-0.2798370353109256,0.3457073822486835,-0.485895530276917,0.0057036529989742,0.1381734707268593,0.1386359015903919,-0.0191139622354431,0.1952163120219617,0,1
4.4,-0.663261077991,-1.34767897098,0.603993197549,0.0400944838040232,-0.019184692211817,0.7598971514417433,0.648521934235035,-0.5271183148665678,0.2411580895701178,0.0807421289602277,0.1189185678791875,-0.2826682126830488,0.3475059350774464,-0.486711633166204,0.0031038344385689,0.1324728787295166,0.1570006672694563,-0.0163178554567436,0.1879203082490242,0,1
4.43333333333333,-0.661455056655,-1.34147063463,0.605653903462,0.0400352921504,-0.0193825721851491,0.7599625127627563,0.6484431127502528,-0.5374828270459234,0.2413444246802416,0.0906158790804369,0.1281427090656427,-0.2851259341837844,0.3491044446489257,-0.4866594645146899,0.0002708548185805,0.1275967869059695,0.1767304995162473,-0.0130752397822349,0.1800091772076288,0,1
4.46666666666667,-0.659775223891,-1.33460488185,0.607305967214,0.0398829605797606,-0.0197512633631357,0.7599024202890841,0.6485117953358639,-0.5474787200978846,0.2410045223513599,0.1014606357068621,0.1389844154983079,-0.2870504889441989,0.3504123459719277,-0.4856935449481008,-0.0027968877664463,0.1236670848875012,0.1973780078794013,-0.0095437840178461,0.1717106266608345,0,1
4.5,-0.658271059337,-1.32725836231,0.608870687186,0.0396571479474349,-0.0203446831743986,0.7597515718483989,0.648684016727016,-0.5569733197264407,0.2400391664105822,0.1134174388051729,0.1517842697676626,-0.2882444633020362,0.3513520384330102,-0.4837966134064265,-0.0060674851911717,0.120626748314251,0.2186273189211542,-0.0060108289621613,0.163186316034209,0,1
4.53333333333333,-0.656953521803,-1.31963010495,0.610279332933,0.0394044152117282,-0.0212183846565478,0.7595786038331722,0.6488739606527891,-0.5657734816019397,0.2383489195837888,0.1266350403800864,0.1669259742912717,-0.2884851844354653,0.35188203945447,-0.4809771647305852,-0.0094971351174915,0.1182868811157982,0.2402477116194245,-0.0028696037092197,0.154529424314004,0,1
4.56666666666667,-0.655793406004,-1.31192896025,0.611476603415,0.0391851430077969,-0.0224152730341394,0.7594661301670682,0.6489786415833123,-0.5736118794002903,0.2358332457916993,0.1412733149733658,0.1847980747613454,-0.2875420792883204,0.3520225467510696,-0.4772643759448983,-0.0130577393790795,0.1163844036114668,0.2620345262981812,-0.0005710390698238,0.1457743707328468,0,1
4.6,-0.654736332538,-1.30434159437,0.612427194371,0.0390486012500477,-0.0239490529627387,0.7594778398618708,0.6489183772720181,-0.5801471427611221,0.232389232365878,0.1574977570128367,0.2057529779566992,-0.2851982271749567,0.3518783248365791,-0.4726994540350759,-0.0167606015087718,0.1146379777417524,0.2837542200411684,0.0004415286473614,0.1369155313359327,0,1
4.63333333333333,-0.653730668656,-1.29698941043,0.613122283686,0.0390023455179788,-0.0257913975477552,0.7596218502745041,0.6486819447480936,-0.5849811872401657,0.2279100117938844,0.1754621419523423,0.2300721192113104,-0.2812750133363607,0.3516527668005077,-0.4673232415231036,-0.0206667841971024,0.1127919214500157,0.3051079064679882,-0.0001972758459302,0.1279303550800171,0,1
4.66666666666667,-0.652755223998,-1.28989529647,0.613581636377,0.0389902805900559,-0.0278696552583561,0.7598271668248215,0.6483561651517273,-0.587693190770763,0.222282703441171,0.1952803326485196,0.2579437922880868,-0.2756583838119044,0.3516471953776695,-0.4611612629783432,-0.0248785974206556,0.110642250132372,0.3257215400953069,-0.0027134582008774,0.1188019756550618,0,1
4.7,-0.651829388873,-1.28298380656,0.613848715621,0.038895899661762,-0.0300787015481219,0.759951051359837,0.6481178752663436,-0.5878854578229638,0.2153857001403937,0.2169922010523618,0.2894558689201463,-0.2683247753057389,0.3522412286051921,-0.4542088873909903,-0.0295128617316917,0.1080443235155664,0.3451630919599899,-0.0071538378648814,0.1095371170276889,0,1
4.73333333333333,-0.650996011698,-1.27612375845,0.6139798973,0.0385777066529804,-0.0323039261526041,0.7598233117963283,0.6481795675238331,-0.5852330366219979,0.2070855905169804,0.2405314098677125,0.3246008850589623,-0.2593643863608724,0.3538532850633346,-0.4464203680676494,-0.0346629296146584,0.1049062847807724,0.3629800250050851,-0.0133759937446136,0.1001764993991264,0,1
4.76666666666667,-0.65028492811,-1.26919645444,0.614032324115,0.0379254835859723,-0.0344460894692354,0.759312431359485,0.6487062171722997,-0.5795274313838531,0.1972348638381476,0.2657034081324935,0.3632874165979423,-0.2489991184648803,0.3568845877122453,-0.4377056387136555,-0.0403607111851468,0.1011752005173796,0.3787461005072103,-0.0210697431209533,0.0907966979919719,0,1
4.8,-0.64968069294,-1.26215399405,0.614055741741,0.0369107499806426,-0.0364374231670547,0.7583816494464642,0.6497439376490339,-0.5707055959926902,0.1856724536474708,0.292180125173208,0.4053505153544641,-0.2375923113375317,0.3616544955124719,-0.4279375382094658,-0.0465505912005104,0.0968229332333546,0.3921059344521599,-0.029805212825,0.0815041310694019,0,1
4.83333333333333,-0.649117881867,-1.2550360801,0.61409086972,0.0356048320552316,-0.0382434030038692,0.7571042401562186,0.6512011268406078,-0.5588584189499288,0.1722296649908203,0.3195139400593071,0.4505555248770253,-0.2256474191198983,0.3683385167362999,-0.416969701578426,-0.05308387228955,0.0918366518678944,0.4028083764334019,-0.0390972052282241,0.0724232568150943,0,1
4.86666666666667,-0.648508961965,-1.24793922137,0.614172194707,0.0341553176291259,-0.03985287540476,0.7556283583355371,0.652894284458646,-0.5442172560413961,0.1567436974607603,0.3471686608460965,0.4985931559902225,-0.2137931598471023,0.3769217795492958,-0.4046623283837295,-0.0597363423329059,0.0862156292935863,0.4107242876861479,-0.0484728341590611,0.0636819325449206,0,1
4.9,-0.647786984015,-1.24096140917,0.614330329288,0.0327349122303025,-0.0412650660812765,0.7541106105766462,0.6546318101484988,-0.5271214984997624,0.1390796914049742,0.374560927737921,0.5490679078647588,-0.202753580546927,0.3871792438968152,-0.3909104403025975,-0.0662447952938377,0.0799729734376662,0.4158488608657588,-0.0575298471254919,0.0553971319374085,0,1
4.93333333333333,-0.646936350449,-1.23415737266,0.614590588124,0.0314898070784643,-0.0424817792039323,0.7526549734365109,0.6562881847535535,-0.5079734907458827,0.1191602065095377,0.4011030108732943,0.601485277242547,-0.1933030333860753,0.3986894366237035,-0.3756680696181194,-0.0723530459248053,0.0731392686652977,0.4182917996347681,-0.0659763258168401,0.0476638303609547,0,1
4.96666666666667,-0.645995320592,-1.22752698011,0.614968435269,0.0305098368815687,-0.0435076748689326,0.7512875573995604,0.6578322264662637,-0.4871886018167024,0.0969987902094353,0.426238180623021,0.6552446269323864,-0.1862082260328846,0.4108817799608974,-0.3589626212428651,-0.0778557319196808,0.0657651575021155,0.4182598206443697,-0.0736474791476503,0.0405489524657523,0,1
5,-0.645033363742,-1.22103394638,0.615465208633,0.0298259984421268,-0.0443552013044749,0.7499727930660571,0.6593055707294356,-0.465147852279049,0.0727324088481251,0.4494625792305468,0.7096437454393817,-0.1821620216671824,0.4231102404871176,-0.3408962413199978,-0.082629412888418,0.0579213160432701,0.4160353048158127,-0.0805005339551904,0.0340910070714265,0,1
5.03333333333333,-0.644119864423,-1.21463395927,0.616067245445,0.0294258069464474,-0.0450478384824361,0.7486517938487889,0.6607762902076626,-0.4421587548518051,0.0466465050561965,0.4703318575492078,0.7638984353604734,-0.1817159946837888,0.4347399805825552,-0.3216345627505713,-0.0866444277526032,0.0496962085585359,0.4119533625433192,-0.0865929018500486,0.0283046574519057,0,1
5.06666666666667,-0.643300735786,-1.20829194841,0.616749273235,0.02927267678431,-0.0456171153339435,0.7472759851299049,0.6622996234564996,-0.4184277885781703,0.01918660526813,0.4884553155660817,0.817176836262229,-0.1852202291863331,0.4452306317993826,-0.3013865209065046,-0.0899562066672673,0.0411934712084699,0.4063780757892287,-0.092050982052115,0.0231882864444132,0,1
5.1,-0.642590112503,-1.20198245579,0.6174806682,0.0293209160975133,-0.0460934951310591,0.7458201286643692,0.6639036144387749,-0.3940459410247912,-0.0090482057093269,0.5034835222920175,0.8686446800150078,-0.1927788953016558,0.4542006218707304,-0.2803810039236447,-0.0926796715734766,0.0325310636727853,0.3996779412433734,-0.0970369857860976,0.0187319187949053,0,1
5.13333333333333,-0.641974778804,-1.19568135137,0.618232143406,0.0295253929803196,-0.0464954623112922,0.7442762603476455,0.6655969286563308,-0.3689873900919147,-0.0373321342217177,0.5150965579574097,0.9175151791745242,-0.2042285007008696,0.4614614760666609,-0.2588463489757249,-0.0949538110379746,0.0238432608749753,0.3922007714838278,-0.1017195133564872,0.0149228895782674,0,1
5.16666666666667,-0.641425385219,-1.18936158305,0.618980778898,0.0298482716005428,-0.0468224886183171,0.7426403376686921,0.6673844949572764,-0.3431206034257706,-0.0648587598909765,0.5229990448715065,0.9630962789554636,-0.219142614408264,0.4670179483101186,-0.2369971407350642,-0.0969049300373785,0.0152845526736002,0.3842492615822301,-0.1062511200733497,0.0117474595951174,0,1
5.2,-0.640909718112,-1.18299949513,0.619712530847,0.0302638848259293,-0.0470551728468611,0.7409023514804208,0.6692784275280189,-0.3162306049141345,-0.0908016845117614,0.5269255891221829,1.0048286503336386,-0.2368629551576154,0.4710373439824032,-0.2150299537266137,-0.0986165145405156,0.0070324534305431,0.3760595715201613,-0.1107536403695188,0.0091879977945315,0,1
5.23333333333333,-0.640404684458,-1.1765875216,0.620422683193,0.0307601549938609,-0.0471608575003135,0.7390435508743102,0.6713004515831043,-0.2880505914305684,-0.1143819085341747,0.5266570543864171,1.0423097703006057,-0.2565529071818475,0.4737975377389025,-0.1931264756281346,-0.1001115795443607,-0.0007148952929074,0.3677860464185343,-0.1153102378752199,0.0072169664043346,0,1
5.26666666666667,-0.639903220752,-1.17014158708,0.621115351326,0.0313342082225581,-0.047098560176468,0.7370388443414558,0.6734787561283431,-0.2583003558892739,-0.1349321184192512,0.5220451247665099,1.0753021498431308,-0.2772665851124067,0.4756265324014679,-0.171459814942708,-0.1013504154583272,-0.0077498952771354,0.3594951794383165,-0.1199623029352303,0.0057902270463894,0,1
5.3,-0.639412368848,-1.1636929007,0.621802653181,0.0319818772496347,-0.0468171659602239,0.7348615937642724,0.6758429924984615,-0.2267281688924188,-0.1519479670038629,0.5130405146371948,1.1037265246639358,-0.2980250221167713,0.4768463855844058,-0.150198556798867,-0.1022434281083483,-0.0138767005640068,0.3511709458875677,-0.124709390448485,0.0048426747348563,0,1
5.33333333333333,-0.638942307688,-1.15726446103,0.622502916439,0.032684574360805,-0.0462473892320427,0.7324897794773184,0.6784184700826935,-0.1931520890921414,-0.1651184959125556,0.4997192284332108,1.12764296095035,-0.3178909943377915,0.4777313230928856,-0.1295037579333312,-0.1026758156363673,-0.0189403446692491,0.3427318054941673,-0.1295111104418755,0.0042886923055047,0,1
5.36666666666667,-0.638492353432,-1.15084637628,0.623236568339,0.0334003477013273,-0.0452974824743972,0.7299132689285571,0.6812188889754452,-0.1574963065885618,-0.1743317888531078,0.4823014391859707,1.1472239217241484,-0.3360351449472925,0.4784849598379321,-0.1095165190070041,-0.1025385884889612,-0.0228583884281812,0.3340573405452145,-0.1342908613359935,0.004028535631073,0,1
5.4,-0.638043813098,-1.14439046421,0.624019274562,0.034066222735513,-0.0438667087550526,0.7271405554879751,0.6842381287944812,-0.1198182036686985,-0.1796568735770453,0.4611586317535817,1.1627233183241767,-0.3517879428175801,0.479236197522855,-0.0903373995554724,-0.1017592808623981,-0.0256477574098971,0.3250202259054141,-0.1389421177699085,0.0039599444739508,0,1
5.43333333333333,-0.637566389661,-1.1378356541,0.624854160559,0.0346145382896097,-0.0418824320566345,0.7242017934486829,0.6874441489966512,-0.0803224150075523,-0.1813075619857717,0.4368063585409781,1.174444732867644,-0.3646740931351515,0.4800489319494824,-0.0720026171273287,-0.1003258643633558,-0.0274396145475515,0.3155176634212867,-0.1433382992335281,0.0039925989903204,0,1
5.46666666666667,-0.637035302693,-1.13115447957,0.625726848598,0.0349981768644416,-0.0393488070401256,0.7211456515303474,0.6907790878997099,-0.0393593285714125,-0.1795971034024873,0.4098819838749444,1.1827108701830098,-0.3744279424154689,0.4809381607646985,-0.0544643898892384,-0.0982988869720757,-0.0284773923461139,0.305496138050253,-0.1473468475925567,0.004062019887821,0,1
5.5,-0.636447171663,-1.12439219137,0.626606679777,0.0352129739597531,-0.0363801906842754,0.718030541137853,0.6941676095756468,0.002592807742904,-0.1748934072955264,0.3811088601625013,1.1878354084289375,-0.3809900416906993,0.4818848496401053,-0.0375829243687305,-0.0958094553155043,-0.0290967506875978,0.2949646614951403,-0.1508470516834951,0.0041394314537707,0,1
5.53333333333333,-0.635821847148,-1.11766985436,0.627454345018,0.0353053058683529,-0.033194325423182,0.7149137713774992,0.697531340967589,0.0449608263575071,-0.1675830224365956,0.3512502150609713,1.190098061730449,-0.3844863919996991,0.482843812800657,-0.0211351353492577,-0.0930437830296282,-0.0296901039362114,0.2839943823764022,-0.1537496621590141,0.0042349717038979,0,1
5.56666666666667,-0.635186865029,-1.11114427984,0.628232148932,0.0353601082079157,-0.0300612528333752,0.7118428008767985,0.7008036891066476,0.0871209340670326,-0.158048601491747,0.3210574057841459,1.1897238022351533,-0.3851931097997214,0.4837422146554002,-0.0048408634086566,-0.0902178838169284,-0.0306614150618606,0.2727058569171727,-0.1560149499163348,0.0043931821429291,0,1
5.6,-0.63455449542,-1.10494598462,0.628911622051,0.0354748596286605,-0.027230320686132,0.708850950101328,0.7039391838149811,0.1284486482450202,-0.1466603090628269,0.2912179658943415,1.1868674992565384,-0.3834903646223081,0.4844701112423963,0.0115974833454206,-0.0875478777110493,-0.032378543820067,0.2612483370344658,-0.1576651645575959,0.0046815167429363,0,1
5.63333333333333,-0.633907931649,-1.09913015032,0.629475571638,0.0357314234211332,-0.0248702385427725,0.7059574678905505,0.7069149808461325,0.1683675357294857,-0.1337777888925298,0.2623089907085991,1.1816053359314456,-0.3798103637787356,0.4848676591561117,0.0284496967138282,-0.0852218724780425,-0.0351304545719286,0.2497771171275419,-0.158787790299429,0.0051742150921993,0,1
5.66666666666667,-0.633210232842,-1.09366540202,0.629916235815,0.0361764070865748,-0.023046862736755,0.7031702781684785,0.7097264751922137,0.2063900910445639,-0.1197569220065837,0.2347609321798847,1.173934021229787,-0.3745846874033997,0.4847153430803371,0.0459162868848771,-0.0833784788585046,-0.0390953496241229,0.2384347209460774,-0.1595276653043893,0.0059349119349217,0,1
5.7,-0.632447233742,-1.08846027078,0.630237214311,0.0367961549622505,-0.0217144142860953,0.7004785267308373,0.7123934031005632,0.242374294149863,-0.104990873934905,0.2086645790215435,1.1639828004572677,-0.3682426727790028,0.4838193538610813,0.064018770307193,-0.0820373517870062,-0.0442043501502998,0.227307682050035,-0.1600647956131506,0.0069675645590596,0,1
5.73333333333333,-0.631577178532,-1.08337464534,0.630443843185,0.0375535020482278,-0.0207563855931386,0.6978724917176498,0.7149355860808871,0.2763087001106143,-0.0897430317178091,0.1839978403124707,1.1518795761656704,-0.3610567545872608,0.4820757148642857,0.0827328112670648,-0.0811873874430331,-0.0503553322662143,0.2164466815605236,-0.1605115420954669,0.0082598666446789,0,1
5.76666666666667,-0.63052611537,-1.07832803881,0.630537639186,0.0384693986756159,-0.020098637743051,0.6953716657788033,0.717338411461719,0.307962220937042,-0.0741918960837143,0.1609083090073456,1.1375140006697448,-0.3532198888501174,0.4793099912420586,0.102116749174502,-0.0808709134115627,-0.0575756842217327,0.2059160455299468,-0.1609888033555965,0.0098421346206217,0,1
5.8,-0.629373557253,-1.07339633751,0.6305186276,0.0395651897739151,-0.0198307061876953,0.6929726197667978,0.7196042572857615,0.3371232800085115,-0.0585834629199819,0.139478534396691,1.1206860801251126,-0.3449294053570226,0.4752220913215327,0.1221577557775081,-0.0810923673079662,-0.0658150269367902,0.1957630084012825,-0.161685166990914,0.0117274540953538,0,1
5.83333333333333,-0.62830128224,-1.06851164417,0.630372801235,0.0407007704268413,-0.0199820035519395,0.6906115788999561,0.7218031683984364,0.3636622091688768,-0.0432558440374652,0.1196177869652995,1.1010942812102649,-0.3363150102927831,0.4693506944515115,0.1427011922208873,-0.0817903510545799,-0.074867244070456,0.1860299049716468,-0.1628159714706366,0.0138721631735201,0,1
5.86666666666667,-0.627375207344,-1.06331519576,0.630075244231,0.0416022381037312,-0.0202802704189616,0.6882474442730819,0.7239982181387362,0.3875697189525756,-0.0286065043280152,0.1010025870193575,1.0783538567177322,-0.3273497428274156,0.4611369680737158,0.1634310549101936,-0.0828366883081244,-0.0843449758883381,0.1767751897558663,-0.1645450865081352,0.0161550497217223,0,1
5.9,-0.626489026589,-1.0575612663,0.62962538997,0.0421426397856927,-0.0203436044446359,0.6859793068216036,0.7261146784652172,0.4089604968139979,-0.0150136110555064,0.0831184194497064,1.0520516647876523,-0.3177766017582577,0.4500792999226692,0.1839179934759746,-0.0840676684733686,-0.0937360032464692,0.1680798590926877,-0.1669192504342726,0.0183962278230677,0,1
5.93333333333333,-0.625540082219,-1.0515136966,0.629073297748,0.0424952880638142,-0.020073657581835,0.6839713875610185,0.7279933651905873,0.4280390852366681,-0.0027462743717719,0.0654012514600464,1.0218360009647045,-0.3070911697294478,0.4359079956746853,0.2037222649627086,-0.0853369623491733,-0.1025310082866966,0.1600316407810098,-0.1698542202825352,0.0204150738864177,0,1
5.96666666666667,-0.624590512847,-1.04568637417,0.628484349296,0.0428910751508302,-0.0197157498497185,0.682209757519692,0.7296310654194983,0.4450315110875929,0.0081003018021294,0.0474134700357215,0.98752134850562,-0.2946160866503287,0.4186870433123175,0.2225133014902692,-0.0865669339651994,-0.1103684930602444,0.1526974859596974,-0.1731724757748106,0.0220988715628789,0,1
6,-0.623817761164,-1.04021601878,0.62786327556,0.0432657319050241,-0.0195203369599051,0.6804432764628237,0.7312619095811238,0.4600982560726962,0.0176193435238142,0.0289585238381931,0.9491657667403618,-0.2796736661124684,0.3987884809551217,0.2401555742604761,-0.0877745747594155,-0.117123774762546,0.1461019144831138,-0.1766604190282409,0.0234419385337279,0,1
6.03333333333333,-0.62334331984,-1.03470332608,0.627132940753,0.0432749791916602,-0.0194612649377075,0.6784777645312621,0.7330869378045466,0.4732590337367551,0.0260458637835577,0.0100667587876591,0.907076347614416,-0.2618133804102733,0.3767600514237725,0.2567200272669429,-0.0890602484040224,-0.122895760482863,0.1402246646397346,-0.1801152882120285,0.0245329944691721,0,1
6.06666666666667,-0.623138427193,-1.02873180994,0.626213760617,0.0427003565033583,-0.0193463371737013,0.6764483309142575,0.7349966356356762,0.4845293194176247,0.033711280100713,-0.0091118905282729,0.8619317689693968,-0.241163181855292,0.3532555460255981,0.272464943633027,-0.0905442237313766,-0.127950007894478,0.1349738357298975,-0.1833906405376746,0.0255070765964715,0,1
6.1,-0.623094251324,-1.02236195782,0.625106023326,0.0416703981673587,-0.0191058225758617,0.6746799678786939,0.736685473186134,0.4938422849211187,0.0408546499911756,-0.0284853246607285,0.8143502179042382,-0.2181939885075351,0.3287456221813003,0.2876356369851582,-0.0923148873164633,-0.1325172112584528,0.1302679395673225,-0.186413061193975,0.0264689372687098,0,1
6.13333333333333,-0.623090163064,-1.01611951826,0.623903424572,0.040533433395622,-0.0188722406924547,0.6733841977041225,0.7379394294864478,0.5009415664054079,0.0475415183742197,-0.0481172685827246,0.7646628991904151,-0.1934586863951823,0.3034819590400903,0.3023450418478613,-0.0944304694170132,-0.1367041987813051,0.1260973420042663,-0.1891506155277322,0.0274828480040678,0,1
6.16666666666667,-0.623092212989,-1.009348923,0.622463761373,0.0396357801292112,-0.01884028853999,0.6725033655626461,0.7387917648215855,0.505598052713312,0.053716854985237,-0.0682056615814331,0.7131649016833651,-0.1677058293141296,0.2776696587246343,0.3166007867622278,-0.0968963478916807,-0.1405461525757351,0.1224779023563101,-0.1916207689200272,0.0285892177490611,0,1
6.2,-0.623794932927,-0.991539372315,0.618492403275,0.0391044692747304,-0.0190958691763179,0.6718168067274277,0.7394378719417235,0.5076891736382224,0.0592201297880611,-0.0890327609637392,0.6601519259033894,-0.1417844793008585,0.2514986889961881,0.330295227446812,-0.0996672373131956,-0.1440227249841879,0.1194423966617071,-0.1938846861013904,0.0298137702576161,0.166666667,1
6.23333333333333,-0.623762157574,-0.981864621291,0.616112958729,0.0387633800981807,-0.0195751979693394,0.6711235744842718,0.7400725368227625,0.507268162478713,0.0638328974421586,-0.110880270100885,0.6059730555920444,-0.1165409382130856,0.2251659224389823,0.3432312943640823,-0.102664697128073,-0.147088995115843,0.117025898149935,-0.1960269077817003,0.0311782127396719,0.333333333,1
6.26666666666667,-0.623310889485,-0.978377669982,0.614753649126,0.0382197894498693,-0.0201454234480323,0.6703154566664661,0.7408175201509035,0.5046055237813235,0.0673432602210055,-0.1339381186961961,0.5510763335654745,-0.0927271865517417,0.1988872898370668,0.3551799667082834,-0.1058018679495434,-0.149710357134858,0.1152534810386967,-0.1981283523828766,0.0327083940838774,0.5,1
6.3,-0.622858145296,-0.97846858656,0.613828081387,0.0371029624306228,-0.0206903958110925,0.6693732002878547,0.7417107228808598,0.5001896697880152,0.0696055449513636,-0.1582311591124032,0.496032096690676,-0.0709351794006194,0.1729073184822177,0.3659552625610443,-0.1090038597979905,-0.1518921221743,0.1141351763764008,-0.2002450365515253,0.0344354302753467,0.666666667,1
6.33333333333333,-0.622609368892,-0.980756062108,0.613046525814,0.0353234240763954,-0.0211380220330579,0.6683849646226881,0.7426755541973744,0.4946829246530905,0.070576038667637,-0.1835762707517472,0.4415310873585473,-0.0515626594146,0.1475116205931294,0.3754851697702956,-0.1122147392589332,-0.153695940344337,0.113666884030464,-0.2024004916819652,0.0363865422116017,0.833333333,1
6.36666666666667,-0.62247027661,-0.985102174193,0.612116109878,0.033141516441293,-0.0214595766785041,0.6675356757680062,0.7435302603349123,0.4888405042693721,0.0703163347459983,-0.2095706778751158,0.3883610368786814,-0.0348085651240075,0.1230390014288295,0.3838558585480679,-0.1153901469125529,-0.1552376113656355,0.1138325053633061,-0.2045913685633985,0.0385689186978113,1,0.833333333
6.4,-0.622292170104,-0.991478667627,0.611232832945,0.0309645827107184,-0.0216724756094686,0.6669705720104556,0.7441248245358797,0.4834086989664726,0.0689699957072583,-0.2356073154625025,0.3373654167754882,-0.0206923607310166,0.0998829728507331,0.3913129474902079,-0.1184834749342065,-0.1566658429139189,0.114604298411811,-0.2067997961721556,0.0409570975996492,1,0.666666667
6.43333333333333,-0.621945916708,-1.00023474201,0.610092502248,0.0290630843650047,-0.0218243961566039,0.6666325043318531,0.7444999241288304,0.4790213561810183,0.0667280582121739,-0.2609153023332608,0.2893877389970424,-0.009090371975921,0.0784741162101739,0.3982162987533034,-0.1214371314156871,-0.1581279612113585,0.1159429252165555,-0.2090053846593314,0.0434936313763264,1,0.5
6.46666666666667,-0.621450802647,-1.01214179006,0.608619279199,0.0274785825272672,-0.0219468408301078,0.6662932280592949,0.74486011970181,0.4761121563097756,0.0637996186711646,-0.284626351339146,0.2452080836020291,0.000218847902892,0.059242273826728,0.4049604828828014,-0.1241860333557245,-0.1597340372189874,0.117801345215773,-0.2111924657563306,0.0461032316812047,1,0.333333333
6.5,-0.620853783469,-1.02852302722,0.60678549146,0.0261527887049755,-0.0220306844323057,0.6657823676203591,0.7453620057074456,0.4748564426516443,0.0603969840000893,-0.3058650682810223,0.2054819626500415,0.0075085730144937,0.0425648656025797,0.4118855755275097,-0.1266709510222994,-0.1615323975838464,0.1201354568338051,-0.213351501094759,0.0487107049294298,1,0.166666667
6.53333333333333,-0.620170237387,-1.0499096215,0.604618113314,0.025046541791046,-0.0220701430843928,0.6651403208027613,0.7459718045415281,0.4751512771774032,0.0567357955949623,-0.3238539263773053,0.1706908058313991,0.0130647794199836,0.028712873043152,0.4192058877935245,-0.1288517230417803,-0.1635051403219599,0.1229205152449715,-0.2154766300189924,0.0512512425647119,1,0
6.56666666666667,-0.620021474018,-1.05983887154,0.602375984885,0.0240930186345306,-0.0221223652816263,0.6645060175080516,0.7465667284998787,0.476635981729609,0.0530430928671346,-0.3380178427062508,0.1411089151479881,0.0171594091927569,0.0178096816181014,0.426975784462195,-0.1307106054449746,-0.165584009440201,0.1261683997269536,-0.2175634999993819,0.0536686048619236,1,0
6.6,-0.620153473002,-1.06746350122,0.60031458497,0.0231155373044842,-0.0222815078727882,0.6638990115391794,0.7471327250357467,0.4787488926893049,0.0495622500428748,-0.3480708256216374,0.1167871159086311,0.0200399050747063,0.0098178976217138,0.4350968592310661,-0.1322430165242462,-0.1676795862404091,0.1299388672832112,-0.2196111381041949,0.0559063723815134,1,0
6.63333333333333,-0.620813108302,-1.07348301494,0.598702357015,0.0219084017364626,-0.0225661315454588,0.6631811555016514,0.7477977979560526,0.4808114529915471,0.0465445617846808,-0.3540665959886401,0.0975510221808555,0.02193718908328,0.0045624923702393,0.4433576225698679,-0.1334405345053725,-0.1697131456827102,0.1343393073848106,-0.2216277473356949,0.0579027044974001,1,0
6.66666666666667,-0.622089982545,-1.07762730594,0.597706815086,0.0204357325174299,-0.0228503589910918,0.6622265475896059,0.7486763263240036,0.4821282313758918,0.0442237748590591,-0.3563967500623085,0.0830128477967568,0.023091658641016,0.0017861431339937,0.4514907098124202,-0.1342752287845733,-0.1716403839074823,0.1395119595085682,-0.2236351989325881,0.0595967044307264,1,0
6.7,-0.623754244615,-1.07989757533,0.597325586003,0.0189140412385158,-0.0229482961304741,0.6610673173493453,0.749737045023971,0.4820892364741576,0.0427793619434493,-0.3557265727621974,0.0725991234894409,0.023792376005929,0.0012195797029909,0.4592325003441712,-0.1346945732761429,-0.1734590400431032,0.1456126124211729,-0.2256650761894799,0.0609466403164303,1,0
6.73333333333333,-0.625489948119,-1.08054821183,0.597425973991,0.0176694903157321,-0.0227894850055764,0.6598538792246466,0.7508403868715031,0.4802590272569261,0.042301118878067,-0.3528709444267424,0.0655990229554737,0.0244184804222999,0.0026421138215793,0.4663722037164722,-0.1346315438473141,-0.1751985564652437,0.1527873465105208,-0.227742867793569,0.0619520014250582,1,0
6.76666666666667,-0.627184673998,-1.07996007693,0.597855716432,0.0169033368987044,-0.0224959476612389,0.6587189909584392,0.751862687258257,0.4764375038897744,0.0427681355092918,-0.3486294973672247,0.0612353158381245,0.0254660669258781,0.00590992453149,0.4727807533616903,-0.134025562119552,-0.1768979762279137,0.1611526176376836,-0.2298642388457721,0.0626672324608062,1,0
6.8,-0.628942157314,-1.07842319991,0.598541477518,0.0165589840108957,-0.022247136582143,0.6577169745452329,0.7527544396132698,0.4706801476931456,0.0440506495221239,-0.3436180036425314,0.0587517725769453,0.0275422206970925,0.0109430332301545,0.4784155729490618,-0.1328415486279414,-0.1785842893443036,0.1707801623568897,-0.2319731023314568,0.0631974081160444,1,0
6.83333333333333,-0.630835085976,-1.07595249855,0.599515697921,0.0163658315351452,-0.0220417078217299,0.6568650287962701,0.7535082326152384,0.4632704894493155,0.045937377694276,-0.3381441070207691,0.0575013490887641,0.0313133126092443,0.0176800971780951,0.4833046509352052,-0.1310731553241586,-0.1802638904498993,0.1816854901508836,-0.2339509505469011,0.0636746063158067,1,0
6.86666666666667,-0.632708604382,-1.07232670003,0.600856370143,0.0160137411946091,-0.0216099899665349,0.6561785124262401,0.7541262018102044,0.4546464254722308,0.0481859028246055,-0.3321698817821474,0.0570145573915868,0.0374064166436175,0.026022177837031,0.4875185703757888,-0.1287246683040301,-0.1819344246403659,0.1938211497028235,-0.2356204148945684,0.0642239031393757,1,0
6.9,-0.634272777836,-1.06738077371,0.602579322003,0.0153440235538723,-0.0206161548036296,0.6556339061736005,0.7546414487541998,0.4452951338931442,0.0505889357899184,-0.3253789825351431,0.0570303829292579,0.0462779611697248,0.035786657630789,0.4911394862703331,-0.1257792028913511,-0.1836154014555381,0.2070820844827604,-0.2367582484906786,0.0649331467875444,1,0
6.93333333333333,-0.635394798886,-1.0613007454,0.60457381784,0.0144230101013498,-0.018984620903793,0.6551284977479516,0.755141187055287,0.4356434988802468,0.0530429237634748,-0.3173319112464509,0.0574818167443958,0.0580781232349565,0.0466848740306325,0.4942327005596043,-0.1221701155016652,-0.1853866325315196,0.2213321099092381,-0.2371096666030768,0.065837697668456,1,0
6.96666666666667,-0.636260173144,-1.05460610922,0.606646142421,0.0134535994846919,-0.0170082619005186,0.6545446752641368,0.7557122387333651,0.4259741066511363,0.0555988712175055,-0.3076633494670737,0.0584402762823554,0.0725470514742821,0.0583289361254359,0.496822658651433,-0.117772564929074,-0.1874172918691179,0.236452521900375,-0.2363985378872994,0.0669233712568604,1,0
7,-0.637171582596,-1.04782200338,0.608617363904,0.0126500931933003,-0.0150898598765842,0.6538986063431161,0.756325911161079,0.4163881014693635,0.0584740979880292,-0.2962614035607401,0.0600335725868514,0.0889758925729729,0.0702667135570554,0.4988726814923135,-0.1124233405075372,-0.1899689727029878,0.2524011902428549,-0.234332915919747,0.0681434629423975,1,0
7.03333333333333,-0.63811297279,-1.04119685193,0.610363022321,0.0122364672089276,-0.0133703595325621,0.6534057633646174,0.7567908632892686,0.4072435318801953,0.0619302650008599,-0.2842153517122813,0.0629570521356317,0.1057319063010355,0.0817344007127616,0.4996431790641818,-0.1060015842554475,-0.1929575759169722,0.2695808597277155,-0.2301206044866523,0.0694511046667474,1,0
7.06666666666667,-0.63887449717,-1.03473425948,0.611778259322,0.0124973661709485,-0.0115947750660572,0.6533326675790783,0.7568789880185355,0.3977399675601122,0.0664199081561627,-0.2702361341395229,0.0663015972959616,0.1224663460919968,0.0927613855315233,0.5001149748114698,-0.0981856947448559,-0.1975422092133563,0.2873756025290294,-0.2239418776802953,0.0709775507628299,1,0
7.1,-0.63904780343,-1.02841464122,0.612770456241,0.0137324809083862,-0.0093825190416069,0.653788024711328,0.7564949478011037,0.3876876284636256,0.0722535850258622,-0.2557610589204834,0.0699997196597094,0.1373410560319215,0.1030275699625528,0.4997377056043375,-0.0890898085046037,-0.2037383890192646,0.3063823065670167,-0.2155610443743671,0.0726082972426491,1,0
7.13333333333333,-0.638651305038,-1.02221664262,0.613343931547,0.0159515247459646,-0.0065789613838339,0.6546360153469691,0.7557472815273845,0.3769855231720609,0.0796238634725881,-0.2422772748143477,0.0739528191307393,0.1487426350025878,0.112356360215804,0.4977326647654254,-0.0788511188900382,-0.2113987767116982,0.3274205234341401,-0.2046842866543488,0.074172987644484,1,0
7.16666666666667,-0.638184518713,-1.01594013827,0.613661406228,0.0186838045118665,-0.0032867303751998,0.655698612410463,0.754784368237311,0.3656680321983802,0.088510149060962,-0.2310028125341782,0.0779925876635171,0.1556323736952869,0.1207573378088917,0.4932371903763328,-0.0676326483674487,-0.2201999494991537,0.3513267861708498,-0.191082678627991,0.0754071776934636,1,0
7.2,-0.638208170215,-1.00922732149,0.613959426867,0.0212113146651568,0.0002958522118881,0.656990564659662,0.7536002856619833,0.3538807037715558,0.0986480617687111,-0.2226717262568739,0.0818683289514919,0.157745088879692,0.1284146487032144,0.4854542512531832,-0.0556225561374059,-0.2296864583959892,0.3787655954314368,-0.1746840145169034,0.075917605759056,1,0
7.23333333333333,-0.638912737732,-1.00189570313,0.614372474508,0.0230666856406231,0.0039946141143709,0.6586792218731792,0.7520596078398156,0.341798960642614,0.1095674495068792,-0.2174559681572861,0.0852607414722559,0.1555869078018609,0.1356246368878878,0.4737775203725166,-0.0430299970073829,-0.239366667497295,0.4101026823352375,-0.1556051533101101,0.0751679118449506,1,0
7.26666666666667,-0.640057166837,-0.994214261565,0.614851353615,0.0243173102574388,0.0076580403031543,0.6608207256827995,0.7501106527363927,0.3295261710489602,0.1206821879382263,-0.2150105721375702,0.0878085785835025,0.1502446568023884,0.1427088161665232,0.4578782973438136,-0.0300730399433313,-0.2488338171184094,0.4453622398219954,-0.1341246531056461,0.0724994119461383,1,0
7.3,-0.641239385115,-0.986742535064,0.615261668408,0.025369005859049,0.0111353055668474,0.6632180585621335,0.7479132471809354,0.3170109826268318,0.1314023716171174,-0.2146010681282389,0.089132215982754,0.1430733387691021,0.1499341600905452,0.4377553713718505,-0.0169520924111907,-0.2578778119679715,0.4842627826695597,-0.1106194370011499,0.0671902112392749,1,0
7.33333333333333,-0.642186605329,-0.979867309078,0.615538481793,0.0265325186317502,0.0143098851489417,0.6655880962238399,0.7457102244217955,0.3040105940595843,0.1412383800104754,-0.2152643943641603,0.0888494240586336,0.1353588403470559,0.1574638763517845,0.41375347732885,-0.0038054020476195,-0.2665587048557538,0.5263058907419392,-0.0855018690317375,0.058541508967716,1,0
7.36666666666667,-0.642847417564,-0.973540370006,0.615733342284,0.0278086548906997,0.0171300696510959,0.6678308760891221,0.7435961002916531,0.2901057692250017,0.149872099451405,-0.2159607832779856,0.0865956751197768,0.1280521655890348,0.165346251662135,0.3865505172885776,0.009349452356362,-0.2752230329197312,0.5708834237978493,-0.0591938951933868,0.0459698900222365,1,0
7.4,-0.643318473136,-0.967466456521,0.615938919449,0.0290466023829888,0.0195610879437552,0.6700684482086902,0.7414728136915467,0.2747562185544444,0.1571785553240888,-0.2156884385173325,0.0820688731473001,0.1216397525441149,0.1735340105777373,0.3571058473227525,0.0226761215607222,-0.2844540487613387,0.6173711457620253,-0.032164012217549,0.029082950043102,1,0
7.43333333333333,-0.643761677521,-0.961459520539,0.616204355065,0.0302068167727331,0.0215004635763567,0.6724024981983985,0.739256490470671,0.2573792278671782,0.1631926762514554,-0.2135533210050257,0.0751060506967526,0.1161630520258617,0.1819164803178826,0.3265613819633259,0.0365632462981624,-0.2949596416603094,0.6651845996569709,-0.0050312556267693,0.0077240685431737,1,0
7.46666666666667,-0.644376195004,-0.955530306926,0.616532345029,0.0313983021943776,0.022768315955926,0.6746790675297221,0.7370915182289554,0.2374390591380702,0.1680325646751501,-0.2088099285754436,0.0657732520214075,0.1113474658311888,0.1903443650047928,0.296098626666142,0.0516274866161759,-0.3074192235849441,0.7137809330087154,0.0212897519110207,-0.0180116954392824,1,0
7.5,-0.645314447614,-0.949642087252,0.616915805757,0.0326642022136124,0.0232803770219013,0.6765810534629212,0.7352748819553612,0.216521343063026,0.1721363414430076,-0.2022338081835734,0.0569682268699932,0.1062528300326744,0.1988237638073762,0.2660737302867783,0.0690156503573849,-0.3207300387925254,0.7646098865572323,0.0431287286004652,-0.0461400132302663,1,0
7.53333333333333,-0.646626286084,-0.943541940216,0.617383728173,0.0339140835600993,0.0231955044084941,0.6779263344412481,0.7339807140399313,0.1940144579735593,0.1756308298272772,-0.1937194795511597,0.0481459997759541,0.1005858354592571,0.2069479202547421,0.2372455228900487,0.0886156590046472,-0.3353025053865531,0.8153520770747986,0.0614541774728737,-0.075904161337972,1,0
7.56666666666667,-0.648168857597,-0.936965210996,0.617926833387,0.035108584431147,0.0227293166125596,0.6787841240808064,0.7331458779543262,0.1702972133006075,0.1787489100761177,-0.183592157697485,0.0400254405286123,0.0939771034853065,0.2145030753656385,0.2101983593605239,0.1105389243733986,-0.3509863332283083,0.8648834157357016,0.0751835751008466,-0.1058103915738004,1,0
7.6,-0.649683627137,-0.930027198638,0.618467483343,0.0364391469902147,0.0219579901791768,0.6793649711421537,0.7325662230944979,0.145906114472183,0.18166606619242,-0.1723104310931538,0.0332374345957604,0.0862266275429449,0.2212979522090735,0.1852744157039707,0.1346204118622495,-0.3674529452213085,0.9119821521646504,0.0833912124460254,-0.1343075896442539,1,0
7.63333333333333,-0.650964883444,-0.923198626611,0.61890828204,0.0382184360422258,0.0207914987204886,0.6798308259088055,0.7320772588132987,0.1214879837540669,0.184490080287049,-0.1604141211561319,0.0282247258469892,0.0773217998442734,0.227192720957749,0.1625566556161708,0.1604020650061165,-0.384203401785937,0.9554658428472088,0.0854762464822917,-0.1599771038363143,1,0
7.66666666666667,-0.65199761287,-0.916841741777,0.619216886449,0.0405270785979653,0.0191617434591603,0.6802537509529392,0.7316045501514985,0.0977201775421345,0.1872675406273702,-0.1484739557434493,0.0251728050961544,0.0674136198483422,0.2321235352011257,0.1418826791498531,0.1871579886976749,-0.4006025432609905,0.9943411182125648,0.0813068365655185,-0.1817070281527575,1,0
7.7,-0.652956272613,-0.910819656009,0.619451558383,0.0430021213643966,0.0172073379619493,0.680714422533166,0.7310831690264544,0.0752037299238285,0.1899983587791132,-0.1370424489702921,0.0239889476675852,0.0567691085828902,0.2361167469713082,0.1228841262863168,0.2139573866058682,-0.4159363779205103,1.0279349540424023,0.0712943033908321,-0.1988199233797407,1,0
7.73333333333333,-0.654050731289,-0.904616436586,0.61970060933,0.0450401004666659,0.0152562751408502,0.6813598852538697,0.7304021783823025,0.0543503614489402,0.1926497440935885,-0.1266048291756625,0.024334142201599,0.0457158338729797,0.2392906464145919,0.1050458398828016,0.2397546723794891,-0.4294835502161065,1.0559765678171258,0.056369371410849,-0.2111299025265395,1,0
7.76666666666667,-0.655334479003,-0.897825631971,0.61999889484,0.0462434053189567,0.0136362678257604,0.6823405469389762,0.7294429228303677,0.0352945588215386,0.1951655696650374,-0.1175335140909735,0.0256996495117033,0.0345894894554788,0.2418441341945881,0.0877767912906508,0.263493438656776,-0.4405876305432164,1.0786080175132575,0.0378601802460632,-0.2189205627289323,1,0
7.8,-0.656655364355,-0.890503355756,0.62030394416,0.0466847879014585,0.0124808821063972,0.6837410421608849,0.728122891705232,0.0178610828439239,0.1974720397399079,-0.110053884658641,0.0275090352812461,0.0236915318058737,0.2440313641248059,0.0704814666936741,0.2842106479689458,-0.4487156423903942,1.096318123146199,0.0172982419149283,-0.2228530070381115,1,0
7.83333333333333,-0.657761816825,-0.883104177908,0.62055646312,0.04677289418086,0.0116464866335273,0.6856123771250437,0.7263692752670559,0.0016047457303526,0.1994839861739029,-0.1042282177794276,0.0292213336138889,0.0132595774235387,0.2461221410157166,0.0526192985247168,0.3011271912766108,-0.4534910094083791,1.1098135344118845,-0.0038046932173526,-0.2238260987676042,1,0
7.86666666666667,-0.658101775471,-0.876160920349,0.620793116156,0.0468949119616682,0.0107712427462247,0.6880269452611909,0.7240882336817548,-0.0140836774083648,0.2011159560599462,-0.0999595277653299,0.0304143521249187,0.0034487663516157,0.2483526557391304,0.0337439028118485,0.3137117562059336,-0.4546972818503381,1.119856883049067,-0.0241622336354537,-0.2228170094106955,1,0
7.9,-0.658404559532,-0.869853126831,0.621007732147,0.0471674122261338,0.0094775464382276,0.6910196246688436,0.7212331728781836,-0.0298341946178906,0.2022978517504776,-0.0970122185345136,0.0308363948882352,-0.0056790201611846,0.2508785547231933,0.0135223734348935,0.3217091319860267,-0.4522602272635922,1.127110471945774,-0.0428613719483269,-0.2207304112577381,1,0
7.93333333333333,-0.659202650269,-0.863964327911,0.62122174692,0.047461914247459,0.0076378375747611,0.6944592265871877,0.7179243781493101,-0.046156389833738,0.2029902681466475,-0.0950452803076833,0.0304239980874608,-0.0141587545649249,0.2537458677175204,-0.0082581255849358,0.3251315969142391,-0.446223781738018,1.1320226264319604,-0.0594262800053357,-0.2182804597143306,1,0
7.96666666666667,-0.660431819083,-0.858038172541,0.621439678253,0.0476209289822042,0.0054913662308416,0.6980481464072568,0.7144444536261609,-0.0633346715581164,0.2031943418369342,-0.0936549893550123,0.0292895987759755,-0.0221166966506909,0.256890228025289,-0.0316885716757172,0.3242202429029662,-0.4367346388972187,1.1347825862263947,-0.0737916041945884,-0.2159214621276937,1,0
8,-0.66172240336,-0.851695087244,0.621614108665,0.0476514616033151,0.0034440474333211,0.7015171015443766,0.7110493885695435,-0.0813809100446781,0.2029538475723979,-0.092423713639207,0.027686760048577,-0.0297535968840724,0.2601640064677827,-0.0567372846155942,0.3193890141853717,-0.4240412676218928,1.1353502409863432,-0.0862038741828402,-0.2138319959487043,1,0
8.03333333333333,-0.662756598489,-0.844920053935,0.621693795425,0.0477227335428815,0.0016920636859247,0.7048175179332723,0.7077795871866179,-0.1000511591820064,0.202349612697981,-0.090969085364473,0.0259624743634487,-0.0373169361149301,0.2633813703569095,-0.0832501443194559,0.3111658808008006,-0.4085017040985903,1.1335440465651891,-0.0970882252792744,-0.2119456373537,1,0
8.06666666666667,-0.66358143599,-0.83802395744,0.621678951328,0.0479681617728747,5.690598005495044e-05,0.7080865060002434,0.7044945366986234,-0.11891923973017,0.2014871067869131,-0.0889868913707426,0.0245060466108494,-0.0450657253200916,0.2663670023629491,-0.110953608665335,0.3001425546255729,-0.3905876910351326,1.1291530055948498,-0.1069194896925564,-0.2100127393770285,1,0
8.1,-0.664521117481,-0.831275114362,0.621620573755,0.0482906764276998,-0.0017648386529436,0.7114248442926385,0.7010988424165877,-0.1374859764022326,0.2004788096144783,-0.0862824911166791,0.0237014233651006,-0.0532336750217021,0.2689952821034357,-0.1394637696269541,0.286938133726889,-0.3708738698258227,1.1220345147949389,-0.1161230650746457,-0.2076749910262591,1,0
8.13333333333333,-0.665546590537,-0.824608466458,0.621584996128,0.0484041554466519,-0.0038088571466397,0.7147416140437433,0.6977011935613109,-0.1552932724511365,0.1994245744566271,-0.0827866640331969,0.0238853574052724,-0.0619969722673752,0.271211379615588,-0.1683065135414581,0.2721757183455677,-0.3500068489816381,1.112169896328794,-0.1250127440220887,-0.2045384664308622,1,0
8.16666666666667,-0.666601261756,-0.817724168247,0.621536498008,0.0481182500683278,-0.0057816501174391,0.7178106522000617,0.6945495476353026,-0.1720128921946793,0.1983951922367971,-0.0785519866163865,0.0253110033731155,-0.0714522179717378,0.2730317337092078,-0.1969534007543324,0.2564663853781754,-0.3286551466383104,1.0996672521357314,-0.1337603509417059,-0.2002378682348453,1,0
8.2,-0.667574286444,-0.810584269129,0.62138727194,0.0475873843723389,-0.0074380714837093,0.7204262067119458,0.6918570637233095,-0.1874912488166992,0.1974249411752674,-0.0737285918193252,0.0281179684718006,-0.0816086881242447,0.274526968457382,-0.224872365880179,0.2403928843632911,-0.3074457956336987,1.0847188877853866,-0.1423892359263472,-0.1944889789030777,1,0
8.23333333333333,-0.668234716751,-0.803699056918,0.621134406063,0.0472321361235031,-0.0089625062018652,0.7224938596993014,0.6897038650729738,-0.201747454723341,0.196516004666483,-0.0685245115470904,0.0323133168328838,-0.0923962401920409,0.275794722001028,-0.2515833067733614,0.2244865732727468,-0.2868978441636827,1.0675324114068083,-0.1507868206079365,-0.1871261139553752,1,0
8.26666666666667,-0.668690697654,-0.797721819837,0.620855835551,0.0473667539691292,-0.0108562987376534,0.7240590440543891,0.688024005481779,-0.2149348751294948,0.1956519262421339,-0.0631609282454517,0.0377696405854764,-0.1036862457954078,0.2769325481590328,-0.2767024787125443,0.2091957828643503,-0.2673665558976023,1.0482586504602496,-0.1587336733631472,-0.1781198740176757,1,0
8.3,-0.669257186599,-0.792737181747,0.620621195742,0.0478943444619294,-0.0133853160678604,0.7253456274154138,0.6865862552306633,-0.2272830482449622,0.1948130863314957,-0.0578326977947148,0.0442442847604718,-0.1153198434181642,0.2780202003319228,-0.2999627662252034,0.1948511836689722,-0.2490125967763093,1.0269368841418165,-0.1659443996129039,-0.1675710408349197,1,0
8.33333333333333,-0.670092874483,-0.788014079118,0.620396058597,0.0483882432630042,-0.0161938411994125,0.7267407016675492,0.6850140801187133,-0.2390377113598604,0.1939880470530072,-0.0526817579071818,0.0514180919049122,-0.1271364517009284,0.279114945218341,-0.3212093506940242,0.1816401787293865,-0.2318060655046351,1.00347185564012,-0.1721114122534812,-0.1556800784836288,1,0
8.36666666666667,-0.671034953815,-0.782594161719,0.620058869042,0.0484889104086305,-0.0185650813824239,0.7285903764262515,0.6829789357657386,-0.2504130295541621,0.1931790057753415,-0.047787931529005,0.0589444640634864,-0.1389955171012886,0.2802560245115743,-0.3403835719861491,0.1696025355690893,-0.2155657137945274,0.9776500630841392,-0.1769412962492647,-0.1426981930399189,1,0
8.4,-0.671778741103,-0.776177639338,0.619517889939,0.0482217863921037,-0.0200922824726636,0.7308886822609991,0.6804944479163467,-0.2615630075375525,0.192403378958275,-0.0431763578881913,0.0664947462538848,-0.1507867727411261,0.2814709138677412,-0.3575111985628247,0.1586520704707826,-0.2000219167455429,0.9491940963286808,-0.1801772541973945,-0.1288727966578349,1,0
8.43333333333333,-0.672164292736,-0.769385828239,0.618804469865,0.0479281201453983,-0.0210386068837979,0.733197473482414,0.6779983312654405,-0.272571295157238,0.1916945434099835,-0.0388336776801538,0.0737880367766234,-0.1624295636369653,0.2827788397686018,-0.3727021113080215,0.148619002298515,-0.1848837603654859,0.9178421623340308,-0.1816082107627715,-0.1144029171924345,1,0
8.46666666666667,-0.672279904241,-0.76311803074,0.618040284311,0.0478986270125657,-0.0220012146282833,0.7349795252417508,0.67603754744881,-0.2834545540604478,0.1911033034469052,-0.0347222763394512,0.0806019451686597,-0.173866967532621,0.2841920787122604,-0.3861546689424894,0.1392999376134966,-0.1698907470502189,0.8834296171786966,-0.1810714143219882,-0.0994159956887556,1,0
8.5,-0.672351213559,-0.757690495653,0.617305794045,0.0480886720563621,-0.0232714480635094,0.7360558955444291,0.67480933452285,-0.2941759099780933,0.190699191636325,-0.0307875994553162,0.0867705277050296,-0.185060864765585,0.2857178599089291,-0.3981506011762803,0.1304997347286899,-0.1548367654546643,0.8459477909943702,-0.1784570216518178,-0.0839683974581318,1,0
8.53333333333333,-0.672570261142,-0.75267026983,0.616559062175,0.0481877219898332,-0.0245833275667988,0.7367237123641576,0.6740265388659027,-0.3046677704102234,0.1905691572653725,-0.0269629796688078,0.0921803702168328,-0.1959896850712564,0.2873623775829526,-0.4090295558162755,0.1220537022351599,-0.1395630956914179,0.8055647026242896,-0.1737193023954673,-0.068062692252242,1,0
8.56666666666667,-0.672998506955,-0.747520097579,0.615690745836,0.0479446772163311,-0.0254456591294231,0.7374347741978069,0.6732338228000141,-0.3148617426858917,0.1908112067807166,-0.0231799485403518,0.0967719062147855,-0.2066460660197727,0.2891361181293979,-0.4191428148578595,0.1138299614060985,-0.1239259083986321,0.762606558678208,-0.1668924032476824,-0.0516707866036411,1,0
8.6,-0.673401150766,-0.740819042084,0.614581796076,0.0474046936030771,-0.0256065812971338,0.7383981339782492,0.6722092633667818,-0.3247173678212098,0.1915211804879748,-0.0193861700755689,0.1005434189296638,-0.217030897045881,0.2910584922655517,-0.4287963990003575,0.1057239306916287,-0.1077514279338579,0.717510574333481,-0.1581033737800649,-0.0347552867622812,1,0
8.63333333333333,-0.672206857408,-0.721135865196,0.612943375033,0.0468321715155214,-0.025160546746534,0.7394898351580149,0.6710651818538407,-0.3342372971567931,0.1927720374905151,-0.0155643801861557,0.1035483681811391,-0.2271428340956087,0.2931593186660464,-0.4381998324147206,0.0976599431890287,-0.0907957516589351,0.6707647022017283,-0.1475747732050664,-0.0172877806342116,1,0.166666667
8.66666666666667,-0.671671484489,-0.709738902398,0.612411233356,0.0464305800163607,-0.0243119239884004,0.7404487455553624,0.6700662555276283,-0.3434604619965185,0.1945879772185723,-0.0117423972732981,0.1058786902920929,-0.236965961764187,0.2954746513934466,-0.4474362355753489,0.0896057478341836,-0.072724100309293,0.6228492677049142,-0.1356142466979642,0.0007341674888558,1,0.333333333
8.7,-0.671592842361,-0.705230013523,0.612487641344,0.0461632357025371,-0.0231694725191032,0.7410640938468008,0.6694446504556433,-0.3524359364970522,0.1969200706349119,-0.0079879367648487,0.1076349389623055,-0.2464605609131061,0.2980361857155194,-0.4564624492214487,0.081591237783069,-0.0531190713279457,0.5741926832631096,-0.1225958268650417,0.0192707842473929,1,0.5
8.73333333333333,-0.671809005499,-0.705159889434,0.612726271186,0.0458423948123781,-0.0217870166160882,0.7412240178982037,0.669336056130013,-0.3611914034361551,0.1996332810170105,-0.0043883260355158,0.1088923900957296,-0.2555614359757174,0.3008572737280992,-0.4651376711238322,0.0737146229565004,-0.0315231736095484,0.5251500333486463,-0.1089420902008081,0.038226139063242,1,0.666666667
8.76666666666667,-0.67170855142,-0.708267502927,0.613013540936,0.0453554846782354,-0.0203012194399879,0.7409479393007374,0.6697215031226358,-0.3697139899285387,0.2025143229725454,-0.0010202177508526,0.1096769314568835,-0.2641854280811283,0.3039209556685296,-0.473270287900937,0.0661241166675568,-0.0075165554940174,0.4760092285410252,-0.0951143020767405,0.0574385827109418,1,0.833333333
8.8,-0.672149752797,-0.714324111588,0.613633324372,0.0447645875699042,-0.0189183404092143,0.7404655464816494,0.6703349927979962,-0.3779561739724432,0.2053045907327882,0.0020830443228004,0.1099635557300815,-0.2722463971944215,0.307173465705769,-0.4806680278826599,0.058977875343174,0.0191766496766925,0.4270255968470734,-0.081610255633935,0.0766777407828804,0.833333333,1
8.83333333333333,-0.673305561317,-0.723214421705,0.613554993044,0.0441776850163973,-0.0177228990825988,0.7401831079190406,0.6707184191193872,-0.3858693963847168,0.2077531415433649,0.0049581058462168,0.1097026759394717,-0.2796730813906007,0.3105230969369143,-0.487177008562473,0.0523985611452724,0.0485695421399837,0.378482962928372,-0.0689610415281707,0.0956504716374549,0.666666667,1
8.86666666666667,-0.674906310352,-0.734919397967,0.613219273026,0.0435535765442102,-0.0165236242039323,0.7404262146985257,0.6705214958527338,-0.3934566447300439,0.2096750223654628,0.0077250520670572,0.1088683647447277,-0.2864235133002408,0.313843937980205,-0.4927012831588404,0.0464420544800001,0.0803048311812364,0.330774955271166,-0.0577138775967539,0.114017347467861,0.5,1
8.9,-0.67666955748,-0.749774808539,0.612705414321,0.0426765604541576,-0.0149610161995409,0.7411676880760674,0.6697949964982248,-0.4008248213711197,0.2109956928794709,0.0105830161469058,0.1075128795774964,-0.2924907774382979,0.3169867763690827,-0.4972044140784313,0.0410920959826915,0.1135853263307216,0.2844913942924684,-0.0483913677396445,0.1314179537129335,0.333333333,1
8.93333333333333,-0.678487988248,-0.768863754062,0.612210037247,0.0413490822701294,-0.0128623787727635,0.7420553798253694,0.6689384320548124,-0.4082126235029236,0.2117665049988955,0.0137869782397414,0.105806712942878,-0.2978994651442287,0.3198004378252769,-0.5007023396927068,0.0362803764280411,0.1471695307845162,0.2404827987175481,-0.0414262649945525,0.1474986182546656,0.166666667,1
8.96666666666667,-0.680388160481,-0.792811758559,0.611793885983,0.0396117569293172,-0.0105424384876817,0.7427268008752514,0.6683387351974452,-0.4159749242732702,0.2121469960029202,0.0176090306983254,0.104045543467853,-0.302697962041159,0.3221627218123545,-0.5032567626280938,0.0319212469022979,0.1794539254146933,0.1998691699666945,-0.0370801987151935,0.161933847644865,0,1
9,-0.680460529686,-0.803427475892,0.609463788464,0.0377681026997928,-0.0087063899687438,0.743068795744835,0.6680917107572064,-0.424519821445734,0.2123608352708804,0.0222921402405146,0.102616337686692,-0.3069548585537505,0.324013520577319,-0.5049715318906657,0.0279455585897996,0.2086482256149132,0.1639667871309458,-0.0353618519538881,0.1744362799521518,0,1
9.03333333333333,-0.680425909667,-0.811929401014,0.606775394173,0.0361914145101815,-0.007952175877694,0.743194294283739,0.6680487896543618,-0.434213462761862,0.2126385514636563,0.0280076926566021,0.1019309117422519,-0.3107651566853177,0.3253789850962662,-0.5059875624475871,0.0243203378608095,0.2330248740908864,0.1341311612283814,-0.0359644753736626,0.1847582143521076,0,1
9.06666666666667,-0.680410129694,-0.819337727718,0.604090756082,0.0351016320299519,-0.0083043978938835,0.7432717260466569,0.6680165070296372,-0.4452823380352896,0.2131612875668791,0.0348268890765448,0.1023486952100656,-0.3142639181180016,0.3263771266493176,-0.5064706537833427,0.0210482506459241,0.251197834508947,0.1115462972289975,-0.0382438495648646,0.1926946696306772,0,1
9.1,-0.680161089649,-0.824942437186,0.601855886653,0.0345053247608355,-0.0092373272431143,0.7434462049873776,0.6678411447630485,-0.457745757123767,0.2140185726709351,0.0427109683244902,0.1041148335933742,-0.3176371083640339,0.327200378979088,-0.5065916789532108,0.0181490842178766,0.2623700247388125,0.0970143124252335,-0.0412541800365,0.1980974618788704,0,1
9.13333333333333,-0.679422771097,-0.82814734375,0.60050886011,0.034309469958565,-0.0101590759366725,0.7438525353286085,0.6673852404215099,-0.4714005138746379,0.2151906180492585,0.0515211440715312,0.1073339756452635,-0.3211177863097837,0.3280767166915229,-0.5065048132830696,0.0156311660988201,0.2664896348331407,0.0908028935529009,-0.0438503825378598,0.2009015879869215,0,1
9.16666666666667,-0.678140976068,-0.828877249971,0.600191836478,0.0344553308187513,-0.0108624039226599,0.7445619277832268,0.6665751075872218,-0.4858608779961742,0.2165597964640319,0.0610495921509751,0.1119879278316313,-0.324960469086084,0.3292165820594475,-0.506330743021635,0.0134626482054958,0.2642726414577859,0.0925899483246024,-0.0448517336686561,0.2011551480606178,0,1
9.2,-0.676519526887,-0.827499089825,0.600729097231,0.0349303107836675,-0.0115314866709216,0.7454609562593996,0.6655335159828815,-0.5006392626592014,0.2179460576937517,0.0710742247299905,0.1179917919895269,-0.3293931821942938,0.3307574972451024,-0.5061475456801561,0.0115516371699263,0.2570797959328313,0.1015160654623857,-0.0432452266539515,0.1990389967849063,0,1
9.23333333333333,-0.674871014944,-0.824409044659,0.601842513807,0.0356655228637269,-0.0123898399371876,0.7462410872565101,0.6646041694387793,-0.5152419075789656,0.2191517765567469,0.0814348047674564,0.125271218653931,-0.3345539086023156,0.3327204901575632,-0.5059871140889285,0.0097409095670224,0.2466753688332583,0.1163292868334033,-0.0383904168620839,0.1948644463606052,0,1
9.26666666666667,-0.673383129787,-0.81973214117,0.603353564303,0.036451591479103,-0.0133956961364704,0.7465852284255347,0.6641553534380735,-0.52925047774866,0.2199991524616021,0.0921155938199938,0.1338361951608667,-0.3404262703559732,0.3349907793327922,-0.5058340546995616,0.0078183531945315,0.2349278594450488,0.1355885967704832,-0.0301779206586982,0.1890442954614124,0,1
9.3,-0.671990303263,-0.813401314889,0.605200980866,0.03698625700373,-0.0142578116717835,0.7464094785084185,0.6643053680288732,-0.542364523818279,0.2203492857671743,0.1033096252563507,0.143829073596647,-0.3467946218160034,0.3373295697213677,-0.505626650477179,0.005540500178533,0.223524243184861,0.1578814186783666,-0.0190980461571717,0.182041008802523,0,1
9.33333333333333,-0.670447173447,-0.805491312212,0.607313992857,0.0370340470018615,-0.0147118537640418,0.745948500370107,0.6648104056925387,-0.5543925145020868,0.2201021386219993,0.1154402098466273,0.1555366337693055,-0.3532360828276632,0.3394167513259132,-0.505262252002163,0.0026648493961544,0.2137552240133468,0.1820065337826955,-0.0061956826090505,0.1743030788623811,0,1
9.36666666666667,-0.668554484734,-0.796478778896,0.60949577503,0.0365676977102998,-0.0148055507186809,0.7456023479381456,0.6652223221609518,-0.5651989512065134,0.2191840509045548,0.1291253256230548,0.1693704787119953,-0.3591569229035369,0.3409187928372006,-0.5046091877535066,-0.0010142690039516,0.2063996014231786,0.2070809014824556,0.0070835372336954,0.166203684127687,0,1
9.4,-0.666375336047,-0.787183140738,0.611434948634,0.0357767254052551,-0.0149643609743553,0.7456307864970907,0.6652299031520126,-0.5746331937629247,0.2175300689453694,0.1450850016003443,0.1858287179166058,-0.3638684581367973,0.3415724741875096,-0.5035234702588348,-0.0056328371667211,0.2017065344138122,0.2325491527003364,0.0191234711456501,0.1579943404092649,0,1
9.43333333333333,-0.664258472649,-0.778398961638,0.612841219666,0.0349403470073162,-0.0157665324217792,0.7458964185366674,0.6649579847032246,-0.5824713796486501,0.2150638500283571,0.1640078556300128,0.2054521419233507,-0.36668731649575,0.3412716074154383,-0.501864133954693,-0.0112336485613562,0.1994555321798249,0.2581036008087047,0.0283955469714241,0.1497828652438495,0,1
9.46666666666667,-0.662617617089,-0.770484127523,0.613596290422,0.0342573521494058,-0.0175689881719549,0.7458852831548666,0.6649608325693399,-0.5883932063880899,0.2116747330673349,0.1864072250103537,0.2287825958574972,-0.3670386213700908,0.3401409794117659,-0.4995002199079023,-0.0177551907294997,0.1990672392269646,0.2835497083274729,0.0336938172801662,0.1415410023760026,0,1
9.5,-0.661634991278,-0.763233712043,0.613801805924,0.0337397937786984,-0.0202691251048398,0.745074997749811,0.6658183210241173,-0.5919975999373351,0.2071937741882238,0.2125031603047867,0.2563249977346016,-0.3645407379036721,0.3385811064781226,-0.4963066047684001,-0.0250319415816447,0.1997394918538705,0.3086660388618815,0.0343046569460264,0.1331413162467601,0,1
9.53333333333333,-0.661146391534,-0.756154825932,0.613690434261,0.0332310315411884,-0.0234033009416563,0.743395201812161,0.6676163254223187,-0.5928465137061006,0.2013751935229411,0.2421593998194235,0.2885111073386509,-0.3590578645686721,0.3372683912236977,-0.4921522757370996,-0.0328044910112557,0.2005876005159076,0.3331037066852214,0.0300843315666904,0.1244158678654597,0,1
9.56666666666667,-0.660803639659,-0.748909016502,0.613474507452,0.0325371837070372,-0.0264900441949131,0.741350032612929,0.6698057467503361,-0.5905210905305917,0.1938912701491887,0.2748877054591643,0.3256626736166643,-0.3507186217124798,0.3370975961199004,-0.4868893340439751,-0.0407408032646619,0.2007720071277397,0.3563514875146024,0.0214374927636798,0.1152236424037926,0,1
9.6,-0.660341246736,-0.741536002306,0.613256501234,0.0315837935947706,-0.0293009605761188,0.739639376748327,0.6716230416348342,-0.5846781560938523,0.1843457224762789,0.309913793200392,0.3679525581389818,-0.3399084018765195,0.3390609101443556,-0.4803514862235389,-0.0484714855027502,0.1995994562183944,0.3777686988873273,0.0092102458528577,0.1055112949209657,0,1
9.63333333333333,-0.659685371784,-0.734298233178,0.613062086114,0.0304752476184897,-0.0318354560526361,0.7386243872198054,0.6726750906824777,-0.5751011219383766,0.1723053846442959,0.3462849754460699,0.4153647134727268,-0.3272456313617335,0.3440735069544774,-0.4723665467979306,-0.055637583978408,0.1965870283550101,0.396668492624433,-0.0054723742511194,0.0953521958928907,0,1
9.66666666666667,-0.658853179119,-0.727358548903,0.612930319025,0.0294035927514883,-0.0340951505464263,0.738155222104279,0.6731268955573708,-0.5617419234956698,0.1573457207951277,0.3829907386957632,0.4676569677237287,-0.3135470263472625,0.352775048904595,-0.4627801899061002,-0.0619412271426781,0.1914839667076732,0.4124238798440872,-0.0213874321739055,0.0849528302526062,0,1
9.7,-0.657835866268,-0.720627536544,0.61294877588,0.0284908041774134,-0.035946909501022,0.7378717347057813,0.6733805735963363,-0.5447488964924343,0.1391040698551476,0.4190651777588478,0.5243326334391776,-0.2997793796611056,0.365349962512869,-0.4514816537812925,-0.0671849130064777,0.1842544720066991,0.4245676816046021,-0.0373792511684823,0.0746245933326876,0,1
9.73333333333333,-0.656622035684,-0.713897342131,0.613202059226,0.0277134307483117,-0.0372236595303092,0.7375903624625426,0.673651855285581,-0.5244730693359286,0.1173344684653185,0.4536474788463697,0.5846271140351039,-0.2869926511234385,0.381410288897991,-0.4384208973891857,-0.0712890464285207,0.1750333195223536,0.432864011171901,-0.0524849317307131,0.0647305236502874,0,1
9.76666666666667,-0.655294325931,-0.707073959369,0.613703748249,0.0269666068334034,-0.0379201472705629,0.7373881870404977,0.6738646200536125,-0.5014453321375223,0.0919582100295876,0.4859933341536119,0.6475149054497118,-0.2762342729866692,0.3999758932186034,-0.4236123859275544,-0.0742863346695862,0.1640718156367408,0.4373393885225749,-0.0660114271822433,0.0556244188145163,0,1
9.8,-0.654041861696,-0.700247240782,0.614390483281,0.0261774100372522,-0.0382421036896392,0.7373981898509162,0.673866599790882,-0.4763205061496215,0.0631054541545877,0.5154494752852633,0.7117422351884908,-0.2684529631373932,0.4195720319379429,-0.4071287181513521,-0.0762991703206525,0.1516913014958775,0.4382718308212451,-0.0775688368590198,0.0475993908264049,0,1
9.83333333333333,-0.653056328789,-0.693554650968,0.615176151742,0.025351273840209,-0.0384595309265935,0.7376072809749884,0.6736569427002663,-0.4497914951879288,0.0311448181258956,0.5414158415356884,0.775890755430273,-0.2644046454701149,0.4384434440950029,-0.3890910727735565,-0.0775084038665678,0.1382544250332057,0.4361439073187717,-0.0870699050456504,0.0408551884027553,0,1
9.86666666666667,-0.65241970632,-0.687033897395,0.616001317519,0.0245464768321859,-0.0387398439478109,0.7378503752164309,0.6734044243684462,-0.4224855935615662,-0.003301863762053,0.5633198963488943,0.8384747288881922,-0.2645714323616986,0.4548566042613751,-0.3696612392981703,-0.0781200510655462,0.1241532870689571,0.4315703802177514,-0.0947020508752097,0.0354843901175211,0,1
9.9,-0.65207240022,-0.680634890025,0.616839464793,0.0238552279663909,-0.0391172145825185,0.7379384632334699,0.6733109208252912,-0.3948623810444802,-0.0393633258718441,0.5806169746917273,0.8980648261212241,-0.2691016611400308,0.4674328902306132,-0.3490352096983528,-0.0783341061898592,0.1098036644773326,0.425212851173802,-0.1008722459458361,0.0314725805614809,0,1
9.93333333333333,-0.651844027317,-0.674324369704,0.617682766985,0.0234160681781295,-0.0395540613872372,0.73775261508851,0.6735044490639366,-0.3671357740291265,-0.075945033534569,0.5928159178556431,0.9534186928565912,-0.2777789333126649,0.4754358359643092,-0.3274348196589296,-0.0783191000865603,0.0956315518618799,0.4176942445066297,-0.1061240479287156,0.0287081812671084,0,1
9.96666666666667,-0.651503879503,-0.66810146376,0.618538914503,0.0233931802621057,-0.0399662948775129,0.7372329970490169,0.6740496735798578,-0.3392403287676324,-0.1117808605169373,0.5995185454255914,1.0035899469380274,-0.2900289908821518,0.4789353769327585,-0.3050939287596172,-0.0781965417426452,0.0820442439778921,0.4095268141476361,-0.1110324452038578,0.0270007612748097,0,1
10,-0.65084103491,-0.661905670777,0.619430662689,0.0238837045097623,-0.0402102979989214,0.7363324304062259,0.6750016685355592,-0.3108537333592969,-0.1455127517611774,0.6004594833601924,1.047990045082786,-0.3049698771878029,0.4787942259413089,-0.2822391699042578,-0.0780381643022628,0.0693889903499398,0.401067448448784,-0.116092693434751,0.0261083107240362,0,1
10.0333333333333,-0.649782062876,-0.655579033632,0.620375069972,0.0248203828720309,-0.0401323585693259,0.7350312550150412,0.6763892344950224,-0.281474823884185,-0.175798295361738,0.5955372300128651,1.0863915979463177,-0.3215021186734356,0.4764608954732288,-0.2590700860040669,-0.0778746113817181,0.0579108081990939,0.3925093836794167,-0.1216268782633724,0.0257719856606982,0,1
10.0666666666667,-0.648473823478,-0.648960541737,0.621354544436,0.0259669705989825,-0.0396811255897654,0.7334065420328677,0.6781341820121092,-0.2505421195862173,-0.2014389370885392,0.5848316403356966,1.1188802790020165,-0.3384263936833815,0.4736008459887311,-0.2357461038537316,-0.077709275067489,0.0477237224662252,0.3839086608386254,-0.1277304587979119,0.0257524743018567,0,1
10.1,-0.647228238769,-0.641990083131,0.622316186896,0.0270225053690182,-0.0389491077974784,0.731642202601061,0.6800385566851558,-0.217566518268841,-0.2215109292035878,0.5686051752955094,1.1457757717142172,-0.3545716333900506,0.4716434543827149,-0.2123857416314897,-0.0775297791396111,0.0388072831001883,0.3752314903547958,-0.1342712792043823,0.0258592272588513,0,1
10.1333333333333,-0.64632692914,-0.63471027586,0.623205944393,0.0277721943052824,-0.0380787848457929,0.7299079171187867,0.6819187223529297,-0.1822480278285408,-0.2354723400207262,0.5472890595418956,1.167544141112097,-0.3689171937713522,0.4713610322623842,-0.1890774227271298,-0.0773135794133173,0.0310325970402847,0.3664028215445573,-0.1409406053210384,0.0259655847924199,0,1
10.1666666666667,-0.645825543418,-0.627235379296,0.624003637028,0.0282095884997219,-0.0371510687864185,0.7282061278423336,0.6837688590288228,-0.1445509076220516,-0.2432183588900922,0.5214617557449518,1.1847162959688693,-0.3806947227574091,0.4726151250774127,-0.1658958749739346,-0.077029837553577,0.024209362077105,0.3573408640766732,-0.1473429521444609,0.0260085398891691,0,1
10.2,-0.645524435017,-0.619775574587,0.624729271319,0.0285568796714169,-0.0361858106437004,0.7263702618896911,0.6857560312339892,-0.1047221971446138,-0.2450666570887702,0.4918296735161579,1.1978176035071886,-0.389455823852795,0.4743842027365864,-0.1429171840834398,-0.0766423164748173,0.0181343841798291,0.3479737186425998,-0.1531009899156613,0.0259773246265819,0,1
10.2333333333333,-0.645138253966,-0.612624676015,0.62542239933,0.0291255369673744,-0.0352068099738233,0.7242408295392984,0.6880315432129971,-0.0632532505373131,-0.2416727747942039,0.4592137116165284,1.2073098993977958,-0.3950925787952098,0.4751086821020908,-0.1202276441475541,-0.0761165496804567,0.0126222532907117,0.338244897559677,-0.1579474335701755,0.0258970712332769,0,1
10.2666666666667,-0.644517370743,-0.605982700019,0.626112367824,0.0300667871488468,-0.0342355383812309,0.7218206254001165,0.6905786710935099,-0.0207988249861108,-0.2338957595239328,0.4245341771987221,1.213550652151634,-0.3978039533844668,0.4732663115033261,-0.0979228859702462,-0.0754313285403054,0.0075101155142423,0.328118457648786,-0.1617802027497984,0.025812513019582,0,1
10.3,-0.643720971863,-0.599740820813,0.626798087538,0.0312184934223204,-0.0332160963274042,0.7192274766720526,0.6932776741055212,0.0219224124444296,-0.2226483647408209,0.3887803207500828,1.2167784956777858,-0.398013740713936,0.4679762234661314,-0.0760945243749794,-0.0745913410707485,0.0026414202041097,0.317590772393612,-0.1646690594063043,0.0257738604071069,0,1
10.3333333333333,-0.64288464234,-0.593542632768,0.627451712225,0.0322430713312227,-0.0320203037207572,0.7165272829430406,0.6960773931819824,0.0642217737735192,-0.2087686371728515,0.352954683752951,1.2171307311916035,-0.3962602299566001,0.4593921637035131,-0.0548052404073123,-0.0736352759513229,-0.0021587165950541,0.3067075942797652,-0.1668173773452012,0.0258247476777253,0,1
10.3666666666667,-0.642035908331,-0.587172306674,0.628044044796,0.0329724199470226,-0.030593913173979,0.7136891533484309,0.6990168985027045,0.1055117166218304,-0.19294064694973,0.3179942184468918,1.214685179456606,-0.3930853261439885,0.4487220307623377,-0.0340603963787765,-0.0726336562817323,-0.0071015017733331,0.2955771712747029,-0.1684963512162281,0.025991720615227,0,1
10.4,-0.641065826472,-0.580856319645,0.628568535802,0.0336007096942032,-0.0290875572470572,0.7107250819333185,0.7020646439127404,0.1453468504258559,-0.1756753942774648,0.2846824712828883,1.2095056952519063,-0.3889463490657719,0.4378745538200557,-0.013790011882839,-0.0716747999831929,-0.0124331638416447,0.2843681120331144,-0.1699755303922225,0.0262760016652901,0,1
10.4333333333333,-0.639888739721,-0.575058070563,0.629035753238,0.0344759768228082,-0.0277854967289139,0.7077987082142911,0.7050250788757955,0.1834349943207723,-0.1573436356384993,0.2535737572829884,1.2016699028467932,-0.3841616441203928,0.4288978867644771,0.0061466861314321,-0.0708439747966327,-0.0184093839897978,0.2732862614275792,-0.1714707851510938,0.0266504651764029,0,1
10.4666666666667,-0.638595063031,-0.569938211373,0.629438845569,0.0357001877267953,-0.0268790668020958,0.7051175806454629,0.7076808672196877,0.2196233323675327,-0.1382367733013627,0.2249488921467322,1.1912715070821704,-0.3788905198858734,0.4234420259760975,0.0259315037255245,-0.070205095306095,-0.0252508397114998,0.2625346775612392,-0.1731211667507247,0.027065739081104,0,1
10.5,-0.637381285753,-0.565159541643,0.629733262784,0.037018976376188,-0.0263352632505842,0.7027423312226602,0.7099924402451923,0.253868599432423,-0.1186274860790725,0.1988138569985287,1.1784075127753844,-0.3731426612867684,0.4224092456650496,0.0457412958996679,-0.0697927401344249,-0.0330930844429633,0.2522692558323785,-0.174994481401312,0.0274661723454478,0,1
10.5333333333333,-0.636243865616,-0.560448782829,0.629845045277,0.0381517485857818,-0.026002089699268,0.7005898454331035,0.7120689600643598,0.2915723410393449,-0.0997011790336101,0.1708290263787996,1.1695371337652545,-0.3707762060388797,0.4293257982656727,0.063634560121204,-0.0698621102035177,-0.0405250616857603,0.2444030574646561,-0.1771604485955146,0.0275643324156068,0,1
10.5666666666667,-0.635306193054,-0.555363026564,0.629851324431,0.0391761963637406,-0.0257856885231291,0.6986198922916489,0.7139541792021831,0.3245631666416595,-0.0801618456741859,0.1471736226277583,1.155563299661819,-0.3661598901533422,0.439498361211039,0.0829266280968261,-0.0699144482967167,-0.0498628662076562,0.2362169499144496,-0.1795879281314172,0.0276943023040273,0,1
10.6,-0.634366226823,-0.550288843168,0.629812803079,0.040400142870031,-0.0256959027006988,0.6969406463889549,0.7155286747932769,0.3536320628085174,-0.0606397412434749,0.1266739235199684,1.1371742075887412,-0.3592921156303061,0.4501763197435499,0.1033025310272508,-0.0700348914808725,-0.0605138644129969,0.2277018901920569,-0.1822590364084567,0.0278438667122363,0,1
10.6333333333333,-0.633333924402,-0.545346039839,0.629739313473,0.0418232211121567,-0.0256664823433962,0.6955866831292769,0.7167644076773978,0.3796145879777432,-0.0418226533548175,0.108123615816928,1.115044762121928,-0.3502122771921793,0.4583786548528179,0.1243142994479858,-0.0703692989773849,-0.0718277401292745,0.21889628748078,-0.1851704639004932,0.0280077737191962,0,1
10.6666666666667,-0.632294989374,-0.540047523787,0.629555534238,0.042975550861448,-0.0254967335937966,0.6942860110106511,0.7179623621883812,0.4032331918379542,-0.0243229490326846,0.0904463655099136,1.0897427660557482,-0.3389881902050292,0.4615671951760489,0.1455058413400572,-0.071077259681661,-0.0832331279424722,0.2098691445730498,-0.1883196262004565,0.0281934521318211,0,1
10.7,-0.631349023844,-0.533848078953,0.629161852598,0.043358977104948,-0.0250464188719114,0.6925982129096709,0.719583484719067,0.4249771210313106,-0.0085664718464463,0.0728161215223589,1.0616417432669674,-0.3256977823350729,0.4582319463252069,0.1665182663567974,-0.0722844911264843,-0.0943359994600588,0.2007135921100252,-0.1916930966030893,0.0284254268511008,0,1
10.7333333333333,-0.630459824016,-0.52692672078,0.628545731724,0.0430304648082939,-0.024462187371182,0.6903565269220368,0.7217740963927304,0.4450485801509588,0.0052650243264235,0.0547199098261065,1.030868306337747,-0.3104158276741973,0.4481506971147278,0.1871460154636991,-0.07405014903617,-0.104954661898574,0.1915496628380351,-0.1952606977071935,0.0287412621416211,0,1
10.7666666666667,-0.629504735309,-0.520218410917,0.627819148859,0.0426303320446381,-0.0241209995653136,0.6879238465038162,0.724128174828965,0.4633774135151201,0.0172297120102616,0.0359621587684179,0.9973000602656668,-0.2932106452587509,0.4322095284803828,0.2073366307863035,-0.0763565065123491,-0.1150877257701281,0.1825218627461441,-0.1989743523491228,0.0291762811920359,0,1
10.8,-0.628446126813,-0.514538791967,0.627114491157,0.0427650460129351,-0.0242871899694158,0.6859176123373887,0.726015366454648,0.4796864011460691,0.0275744478050196,0.0166175487961058,0.9606130771638244,-0.2741519501258129,0.4118948348481887,0.22714776185187,-0.0791206983658377,-0.1248325874604348,0.1737801049992692,-0.2027717958141413,0.0297436793710837,0,1
10.8333333333333,-0.627394474877,-0.509734192746,0.626436090625,0.043404267702655,-0.0248358185885087,0.6846496378791904,0.7271548150236842,0.4935794116255029,0.0366600012822369,-0.003059032445341,0.9203635568571238,-0.2533297021598427,0.3887185578166727,0.2466838533130166,-0.0822228230395174,-0.1342872271269902,0.1654467844063801,-0.2065856089816258,0.0304220792738644,0,1
10.8666666666667,-0.626505262616,-0.504799351355,0.625644262686,0.0439352210441799,-0.0253514537269173,0.6838697604530475,0.7278386846572683,0.5046238478405348,0.044879408845138,-0.0227551286899544,0.8760788190350272,-0.2308839390264214,0.3638186093520801,0.2660312117729406,-0.0855415794097964,-0.1434710324093612,0.1575858973505495,-0.2103550520114992,0.0311592514906574,0,1
10.9,-0.625846020343,-0.498831770631,0.624591428609,0.0437803039756985,-0.0255050356116589,0.6830586315714049,0.7286039280555954,0.5124045760062318,0.0525739704636191,-0.042237602200029,0.8273306679072305,-0.2070445370014383,0.3378319107527423,0.2852007671163407,-0.0889875463994323,-0.1522888966149194,0.1501936097752908,-0.2140347581205681,0.0318925155888285,0,1
10.9333333333333,-0.625350307535,-0.491828008637,0.623261698172,0.0429174254104067,-0.025317905469379,0.6819210281943862,0.7297265306709747,0.5165375326653405,0.0599462980479621,-0.0614734241559328,0.7737745264499253,-0.1821749755895584,0.3109887087457569,0.3040814818896111,-0.092525421475099,-0.160542327690431,0.1432216557538577,-0.2175936579652425,0.0325786603939072,0,1
10.9666666666667,-0.624864413973,-0.484634869046,0.621793591888,0.0418178389318697,-0.0250608657578073,0.6805852656690191,0.7310450858249223,0.5166464693615505,0.0669757287473166,-0.0806973561779068,0.7151598254513604,-0.1568060080500753,0.2833079997787154,0.3224087883081266,-0.0961803294465098,-0.1679717435168595,0.1366296768513522,-0.2210011204519458,0.0332213673864456,0,1
11,-0.624225471874,-0.478425535809,0.620402063816,0.0408850827477177,-0.0249017574557665,0.6793567093446476,0.7322450231669304,0.517133955087563,0.072648959913031,-0.1037224269475298,0.6578954084589038,-0.1352884388987299,0.2538397260248735,0.3377336542192589,-0.0997142291995214,-0.1734465959993072,0.1318710967599267,-0.2239168820164715,0.034343701649649,0,1
11.0333333333333,-0.623488773192,-0.47187707372,0.61891832125,0.0400557996390627,-0.024769065668029,0.6783911597726462,0.7331899212642875,0.515110672087344,0.0770452848698767,-0.1282689692897006,0.5985729036301745,-0.1154960526670657,0.223581604216374,0.3514733491232612,-0.1034482529140926,-0.1778400227234956,0.1277893067971068,-0.2265330095161374,0.0356746505264553,0,1
11.0666666666667,-0.623527485011,-0.454188808348,0.615949164325,0.0389474450813082,-0.0245597736143222,0.6775977064222188,0.7339899606213972,0.5108052350778101,0.0798672561225559,-0.1543841054879853,0.5379069635454737,-0.0977367340589489,0.1930553929209924,0.3636281483198927,-0.1074208845959611,-0.1812630311500818,0.1243410638794814,-0.2288623406520995,0.0372315641482313,0.166666667,1
11.1,-0.623107364189,-0.443926692609,0.613906851778,0.0372774113503235,-0.0243792991763515,0.6767639348004344,0.7348514277921233,0.5045990487713191,0.0809124583984146,-0.1819214330574082,0.4767295276412852,-0.0821285290518175,0.1629257965395073,0.374399282338676,-0.1116268794158343,-0.1839283092772214,0.121484090475501,-0.2309194243418976,0.0389948650562342,0.333333333,1
11.1333333333333,-0.62264616985,-0.439629745181,0.612421044985,0.0351524238538673,-0.024510230797577,0.6757574932734335,0.7358772764315074,0.4970291071836957,0.0801276981121854,-0.2105204313645703,0.4159870821681654,-0.0685924011768102,0.1339308648317246,0.3841765544352012,-0.1160048182009382,-0.186124776158787,0.1191703035378752,-0.2327172452958196,0.0409108486739066,0.5,1
11.1666666666667,-0.622381682948,-0.439351838214,0.611104524031,0.0329589202808028,-0.0251089080411315,0.6746370700713304,0.736985804474195,0.488752051185633,0.0776348813928029,-0.2396084126699845,0.3567322223418952,-0.056886225554468,0.1067918514474252,0.3934797794635465,-0.1204360773750576,-0.1881762348752622,0.117345117328403,-0.2342714643034322,0.042905423000522,0.666666667,1
11.2,-0.62222846651,-0.441762428988,0.60969038442,0.0310056330791857,-0.0259736684380683,0.6736067681381424,0.737982344764233,0.4804685165798931,0.0737246352769837,-0.2684232486889645,0.3000938917768454,-0.046675704638792,0.0821252062536461,0.4028664479957222,-0.1247566738003505,-0.190389432970825,0.1159584601763741,-0.2356100982980843,0.0449027322429896,0.833333333,1
11.2333333333333,-0.621997506689,-0.446038570478,0.607969927772,0.0293085030734495,-0.0266759491733265,0.6728542715741815,0.7387127551407741,0.4728219694951915,0.0688204416147621,-0.2960583494525288,0.247218683949302,-0.0376230501299173,0.0603780202023801,0.4128290051998201,-0.1287794553286118,-0.1930013167173629,0.114986273397065,-0.2367847517240321,0.0468401020074044,1,0.833333333
11.2666666666667,-0.621682703396,-0.451330382632,0.606032113145,0.0277374369038869,-0.0269470755388174,0.672396614380753,0.7391801422408539,0.4662980428905453,0.0634224588930218,-0.3215346029447789,0.1991865562893372,-0.0294679679339294,0.0418014354760022,0.4237077032262779,-0.1323214315657186,-0.1961373667021173,0.1144537482610736,-0.2378785855690928,0.0486744474778168,1,0.666666667
11.3,-0.621391471359,-0.457835502724,0.603890153999,0.0263357744730864,-0.0269217267944536,0.67205969875781,0.7395386459914515,0.4611519548415506,0.0580441651100807,-0.3439006041467102,0.1569152778546997,-0.0220810026951385,0.026464235514544,0.4356378302485447,-0.1352309024782048,-0.1997915717916346,0.1144487592328478,-0.2390064499322682,0.0503827471081481,1,0.5
11.3333333333333,-0.621204474824,-0.466779618761,0.601593354812,0.0254153589589655,-0.0269887918835419,0.6716039442727981,0.739982301598406,0.4573822596004758,0.0531550882270605,-0.3623512528752693,0.1210747059234329,-0.015479068286447,0.0142956180179105,0.4485381883309277,-0.1374102497133702,-0.2038339693835091,0.1151180052762139,-0.2403039267710874,0.0519638017396289,1,0.333333333
11.3666666666667,-0.62109247623,-0.479846102005,0.599124951075,0.0252692653160359,-0.0274134884904359,0.670873035518544,0.7406344139272135,0.4547554712798254,0.0491383243043111,-0.3763418794607548,0.0920308435755278,-0.0097983843558824,0.005139436412624,0.4621380386228995,-0.1388305406546813,-0.2080443640014079,0.1166460755753969,-0.2419044362211001,0.0534450140729074,1,0.166666667
11.4,-0.621085424986,-0.497290973712,0.596581246512,0.0257887041061236,-0.0281034773443508,0.6698432883011655,0.7415221550429658,0.4528749277510908,0.0462644147842321,-0.3856686771983652,0.0698302253433046,-0.0052232274401565,-0.0011953073408154,0.4760342701557752,-0.1395333764598123,-0.2121634224547638,0.1192243816488511,-0.2439070559009106,0.0548892843360939,1,0
11.4333333333333,-0.621976890981,-0.503387605935,0.594673002544,0.0264242973030681,-0.0287024845852317,0.6685843915971507,0.7426121701152907,0.4512797484245862,0.044679197957123,-0.3904915036724623,0.0542219019300433,-0.0018790044098482,-0.0048959701862298,0.4897657819208671,-0.1396164306028977,-0.2159483859936267,0.1230197558951135,-0.2463417901845096,0.0563923832265074,1,0
11.4666666666667,-0.623364083721,-0.506194427516,0.59368263716,0.0265922199517293,-0.028875085920209,0.6672249566793192,0.7438211750383422,0.4495532318602255,0.0444046753424878,-0.3912913255088576,0.044704859341451,0.0002846178088179,-0.0061233817022897,0.5028871959941418,-0.1392035998092047,-0.219220885561998,0.1281509212973598,-0.2491425781898874,0.0580649068842984,1,0
11.5,-0.625086557056,-0.506467504591,0.593706680732,0.0261429961381773,-0.0285359829861026,0.6659468290800904,0.7449946726427706,0.4474152045308545,0.0453541089634115,-0.388774226809882,0.0405884394344817,0.0015828583812287,-0.0050074089133836,0.5150242495733377,-0.1384069720876853,-0.2218964246778706,0.134676858662751,-0.2521392545392582,0.0600014238477964,1,0
11.5333333333333,-0.626882832068,-0.504691883039,0.594491682978,0.0254250947023221,-0.0278927808979029,0.6649332339383716,0.7459486254008506,0.4447746700807723,0.0473613103204666,-0.3837479843096431,0.0410594901339127,0.0026230692620564,-0.0016623655646921,0.5259015354932084,-0.1372919542929738,-0.2239883347002489,0.1425973083591633,-0.2550755406292436,0.062246802210119,1,0
11.5666666666667,-0.628601019832,-0.501739537704,0.59565331901,0.0248954802038717,-0.0273052267663509,0.6642414873431596,0.7466042366266106,0.4417299806737786,0.0502204384010214,-0.377001888780932,0.0452543919509466,0.0042517369397718,0.0037825765998277,0.5353441422597797,-0.1358555560133746,-0.225586081114995,0.1518639095024734,-0.2576507974184573,0.0647727419711546,1,0
11.6,-0.630367144263,-0.498254490908,0.59695880598,0.0246880819564912,-0.027028257131006,0.6637260008581911,0.7470794922299516,0.4385194019555148,0.0537291576718514,-0.3692161824376456,0.052332655859636,0.007422324141426,0.0111512803588182,0.5432610697341167,-0.1340222395154463,-0.2268182367025972,0.1624006924870201,-0.2595726813590702,0.0674753087318014,1,0
11.6333333333333,-0.632374653415,-0.494313807656,0.598409120474,0.024550972905142,-0.0269741911306966,0.6631539906197946,0.7475937583121578,0.4354387580540047,0.0577260545518189,-0.3609158982166323,0.0615449967245446,0.013004269647375,0.0202033387927148,0.5496197130680233,-0.1316567370378419,-0.2278169520059595,0.1741331599432708,-0.2606019750201876,0.0701972940346907,1,0
11.6666666666667,-0.634514492605,-0.489553126014,0.60010513119,0.0241487221796401,-0.0266881127750629,0.6624373624404029,0.7482521798809533,0.432750900934939,0.062114133626086,-0.3524692415439317,0.0722869762433205,0.0215715584960787,0.0306415580182533,0.5544201147111611,-0.1285905201178097,-0.2286972031239346,0.1870232815330026,-0.2605732379598413,0.0727698702520712,1,0
11.7,-0.636329963337,-0.483604219511,0.602064409755,0.0233823243962077,-0.0256309136876927,0.6617293803520812,0.7489396172911507,0.4306128102593515,0.0668668696157875,-0.3441188394928993,0.0841292867618898,0.0332221987778817,0.0421419779293646,0.5576749602121809,-0.1246558172089977,-0.2295536043604095,0.2011029638916221,-0.2593845140415375,0.0750600421137868,1,0
11.7333333333333,-0.637419670885,-0.4764910442,0.604152448413,0.0224350754881727,-0.0235928117392754,0.6612780888747195,0.7494340103012899,0.4290397485931254,0.0720192517919467,-0.3360283948239811,0.0968167982662016,0.0474814382074865,0.0543946537560655,0.5593957741918261,-0.1197180260168633,-0.2304687912870459,0.2164951070246298,-0.2569617886277149,0.0770074487742781,1,0
11.7666666666667,-0.637861838241,-0.46867481253,0.606162070961,0.0215693924439765,-0.0208815117000287,0.6612151720887522,0.7495953708357338,0.4279128458227605,0.0776492084721151,-0.3283273473710252,0.1102331838692976,0.0633263896788824,0.067141124571005,0.5595806343996763,-0.113697478062613,-0.2315250163006608,0.2334137197611157,-0.253213529678944,0.078637620553012,1,0
11.8,-0.638187174922,-0.460746461018,0.607942029091,0.0209217652932784,-0.0180947053539689,0.6614991014988053,0.7494356544036582,0.4270206225089973,0.0838541781471875,-0.3211408761075357,0.1243378927134842,0.0793374358972601,0.0801977373039067,0.5581983174298332,-0.1065765694012228,-0.2328123169713308,0.2521420211738661,-0.2479932091422493,0.0800466956253719,1,0
11.8333333333333,-0.638925880818,-0.453075856757,0.609446094576,0.0204919277680627,-0.0156695150201631,0.6620003521729199,0.749059464207156,0.4261132027015763,0.0907266046413853,-0.3145996752020211,0.1390931517552313,0.0939424132341981,0.0934593831775003,0.5551686430791783,-0.0983955029678874,-0.2344287962224786,0.272994903804358,-0.2410837198369267,0.0813604470142185,1,0
11.8666666666667,-0.640177637307,-0.445724411238,0.610676197554,0.0202986463683093,-0.0136007568628418,0.6625753423072339,0.748596620440424,0.4249467155559263,0.0983314920290922,-0.3088299364978954,0.1544032763473418,0.1056917147327728,0.1068844672164876,0.5503457087820357,-0.0892442357657668,-0.2364715481856991,0.2962759507105388,-0.2322114579410015,0.0826754502065751,1,0
11.9,-0.641571334582,-0.438614796104,0.611611633868,0.0205011603456409,-0.0115349179055001,0.6630914238991233,0.7481687053364561,0.4233052485581318,0.1066870779741601,-0.3039272394842092,0.1700835981783335,0.1134985546993283,0.1204681903160356,0.543515803257202,-0.0792563781726466,-0.2390217396965453,0.322239739044541,-0.2210917179100549,0.083992767184744,1,0
11.9333333333333,-0.642597340887,-0.431689603733,0.612215082354,0.0213159947790824,-0.00910109616144,0.6634847522819671,0.7478307174117518,0.4210017658390045,0.1157477635476623,-0.2999204183401003,0.185864560359625,0.1167949504064208,0.1342138573751861,0.5344212936258843,-0.068604149570282,-0.2421316853954977,0.351068244681186,-0.2074983624851635,0.0851563114805167,1,0
11.9666666666667,-0.643022182555,-0.424875885316,0.612506360356,0.0227703483965283,-0.0061834928669176,0.6638461035655439,0.7474969073051144,0.4178685003120499,0.1253901360934964,-0.2967352867600352,0.2014236193737505,0.115578478317801,0.1481079655393279,0.5228132068682857,-0.0574875419972217,-0.2458217417712139,0.3828654010382605,-0.1913385014010372,0.0858099214198334,1,0
12,-0.643079015619,-0.41796793834,0.612614438153,0.0245364440127698,-0.002960754455499,0.6644055864235501,0.7469634620096496,0.4137477949920216,0.1354069240298637,-0.294172028045109,0.2164289713822361,0.1103498637379192,0.16209850897075,0.5085210757897488,-0.0461105486709335,-0.2500905260818763,0.4176672369564417,-0.1727047257598404,0.0853883352980856,1,0
12.0333333333333,-0.643293666334,-0.410672417583,0.612728970765,0.0260748705490633,0.000244798806635,0.6653684706870595,0.7460595414676751,0.4084895127316161,0.1455148895917783,-0.2919092055440483,0.2305779591659888,0.1019642583828593,0.1760756292708931,0.4915168738124675,-0.0346428455696938,-0.2549366934559353,0.4554587239864689,-0.151884067232196,0.0831550646469385,1,0
12.0666666666667,-0.644066539583,-0.402872289155,0.61296820076,0.0270439633065861,0.0031417922681213,0.6667532482270483,0.7447810813713626,0.4019561461245782,0.155378905691735,-0.2895391528808432,0.2436186651587417,0.0914361549143178,0.1898604650926689,0.4719484486150672,-0.0231727399487757,-0.2603871929852585,0.4961841788153883,-0.1293242019809791,0.0782915718913603,1,0
12.1,-0.64535069566,-0.394872342951,0.613284795081,0.0276297240638125,0.0055328751687569,0.6684055389575746,0.7432630901177314,0.3940340406281035,0.1646489506762836,-0.2866278021807989,0.2553520411341197,0.0797447554756406,0.2032126272812078,0.4501287981769831,-0.0116626372449697,-0.2665252332090666,0.5397382272473438,-0.105579320032847,0.0700278132899237,1,0
12.1333333333333,-0.646731308376,-0.387318865916,0.613521419801,0.0284383826639334,0.0072705071469979,0.6701493830574009,0.7416456043859966,0.3846473981696761,0.173003447563889,-0.2827828904821903,0.2656202211530002,0.0676813238577372,0.2158610060359691,0.4264853286822267,7.994590232823648e-05,-0.2735088537527817,0.5859314855166899,-0.0812651772541588,0.0577899183356718,1,0
12.1666666666667,-0.647849264496,-0.380749440543,0.613577433382,0.029968485201814,0.0082350293748468,0.6718749887687443,0.7400122118268752,0.373768730566901,0.1801913542384504,-0.2777114358659729,0.2742920752256,0.0557646357734894,0.2275498680592698,0.4014883006574973,0.0124048464704471,-0.2815689350727284,0.6344373538193357,-0.0570415042311674,0.0413328615224045,1,0
12.2,-0.648735357976,-0.375116721862,0.613524768987,0.0321275787467759,0.0084281004403166,0.6734791980915561,0.7384595828782997,0.361417147571079,0.1860644872078211,-0.2712519788871886,0.2812576975055543,0.0442303728186036,0.2380832756518822,0.3755830372794808,0.0257889080415432,-0.2909787058545387,0.6847370945300086,-0.0336189805081706,0.020826654726517,1,0
12.2333333333333,-0.649695284043,-0.369761431517,0.613558389444,0.0342905224143461,0.0080812664136707,0.6748022002149865,0.7371572720869786,0.3476399528845751,0.1905915853292528,-0.2633783565899668,0.2864377668278445,0.0330819622703674,0.2473522394437933,0.3491457420455844,0.040771662179948,-0.3019970024500265,0.7360847083854946,-0.0117705194653569,-0.0031266768296227,1,0
12.2666666666667,-0.650894190395,-0.363949999749,0.613824562673,0.0358837492084748,0.0075750923958302,0.6757051694244914,0.7362591245824783,0.3324837631131357,0.1938498241624901,-0.254183250597282,0.2898034494489347,0.022179003640821,0.2553382046318836,0.3224720074011327,0.0578611614453859,-0.3147981594466982,0.7875109442629613,0.0076784872214872,-0.0295525037367274,1,0
12.3,-0.652139646206,-0.357505149792,0.614296743206,0.0369125987052419,0.0071580471633145,0.6762042876174849,0.7357540239953592,0.3159700675632365,0.1959973183241715,-0.2438537773493867,0.2913945047459078,0.0113361839479074,0.2620972003728306,0.2957953238127231,0.0774216009766567,-0.3294049985809335,0.8378779912155057,0.0238979882850527,-0.0572278926215552,1,0
12.3333333333333,-0.65311052954,-0.350879293338,0.614830895665,0.0378769672749454,0.006752165674336,0.676455444040522,0.7354779234189829,0.2980887387840931,0.1972367123127311,-0.2326474343446893,0.2913233703250368,0.0004088811776824,0.2677359063203534,0.269323798412113,0.0995636951649679,-0.3456385433341712,0.8859827361447609,0.0361394531480192,-0.0848439905944122,1,0
12.3666666666667,-0.653729329535,-0.34456147716,0.615329634661,0.0391762749073006,0.0061019357245348,0.6765706901955557,0.7353095178447718,0.2788128707526321,0.1977814934080032,-0.2208706911770613,0.2897601827195108,-0.0106506687524983,0.272390581347061,0.2432774550791465,0.124064978860766,-0.3630944023857052,0.9306899500146056,0.0438427456572691,-0.1111727426899826,1,0
12.4,-0.654224445989,-0.338458925445,0.615824156694,0.0406687518627547,0.0051161933406645,0.6765143791178868,0.7352878157798937,0.2581276943515167,0.1978329751840835,-0.2088590095911358,0.2869025089835447,-0.021773024037126,0.2762129705101081,0.2179057433535253,0.1503449081739256,-0.3811527695064508,0.9710648771489252,0.0467333693446537,-0.1352063825718482,1,0
12.4333333333333,-0.654848501936,-0.331962791037,0.616399726447,0.0418620853120092,0.003981837480242,0.6762757621201922,0.7354473498166706,0.2360622804945194,0.1975693045380765,-0.1969564303594483,0.2829400915864469,-0.0327844820483571,0.2793602362470453,0.1934685154494257,0.1775068659887471,-0.3990237318067171,1.0064730030944016,0.0448780795391021,-0.1562471490488531,1,0
12.4666666666667,-0.655629706572,-0.324636362545,0.617071926511,0.0424895246031109,0.0028965924310455,0.6761386855335415,0.7355424719051,0.2127158061559254,0.1971419197932467,-0.1854939096326439,0.2780271635229432,-0.0434452193756165,0.281984953460766,0.1701776619701922,0.2044395503353045,-0.4158214827885996,1.036623381726303,0.0386790407910465,-0.1739370991010919,1,0
12.5,-0.656430759412,-0.316747697188,0.617760839476,0.0428149428302983,0.0017611334083943,0.6766599550715636,0.7350476748362011,0.1882746304843938,0.1966727198063524,-0.1747671459599176,0.2722715085605917,-0.0535021837761019,0.2842251616290289,0.1481173818923647,0.2299527916407996,-0.4306539478844274,1.0615479919915565,0.028807965803686,-0.1882303173916451,1,0
12.5333333333333,-0.657172681192,-0.30905314712,0.618379050975,0.043353281191178,0.000239562685916,0.6782568741594164,0.7335448508954145,0.1630169556741088,0.196247629493255,-0.1650154174893051,0.2657419189029046,-0.0627449322707721,0.2861970586491548,0.1271766165345938,0.2529157588254378,-0.4427117964039241,1.0815282944451563,0.016100307763256,-0.1993199858510367,1,0
12.5666666666667,-0.65792189174,-0.302082780864,0.61891085397,0.0443369606146025,-0.0018586837315229,0.6807871025420528,0.7311358972384286,0.1372999633202334,0.1959074070028346,-0.1564029929813424,0.2584887242298754,-0.0710515958764792,0.2879914412009954,0.1070260899365873,0.2723700217871099,-0.4513428008351675,1.0969942162195232,0.0014370160639163,-0.2075400453671963,1,0
12.6,-0.65878852889,-0.295692710829,0.619399758985,0.0454829881960068,-0.0043194379151273,0.6836004303714187,0.7284250763372101,0.1115259634087666,0.19564092859349,-0.1490054984610044,0.2505687858154902,-0.0784134122545618,0.2896724004327694,0.087154348974324,0.2876020787899074,-0.4561020386055909,1.1084245786188287,-0.0143614957516515,-0.2132651476218617,1,0
12.6333333333333,-0.659808170619,-0.289303545301,0.619887121768,0.0462609041748068,-0.0066825697211852,0.6860866549641009,0.7260167862295069,0.0860909654466824,0.1953871392426089,-0.1428049850803178,0.2420664667606231,-0.0849310412700384,0.2912763800504655,0.0669537312208576,0.2981742957875216,-0.4567742441194459,1.1162718484649443,-0.0306122959237349,-0.2168315058033115,1,0
12.6666666666667,-0.660915084927,-0.282514778231,0.620373801172,0.046372660326397,-0.0086324792945554,0.6882211621431779,0.723965944401928,0.0613265935743192,0.195049442597695,-0.1376968697940885,0.2331046933641179,-0.0907834656604276,0.2928117743286356,0.045832001154928,0.3039242567966835,-0.4533712442445268,1.120922644575072,-0.046809946213175,-0.2184936307630991,1,0
12.7,-0.661982948963,-0.275457820284,0.620830183221,0.0459923904259684,-0.010202689282103,0.6905782973518886,0.7217217056323613,0.0374498440126362,0.1945223444137065,-0.1335087669817922,0.2238442763018158,-0.0961792105860385,0.2942616326506671,0.0233229461793143,0.3049465654794519,-0.4461128501901362,1.1226930746053505,-0.0626300861273692,-0.2184196955237358,1,0
12.7333333333333,-0.662892212158,-0.268577899211,0.621231582933,0.045556834762409,-0.0116262987162446,0.693756765512313,0.7186730510395425,0.0145340047796346,0.1937257098033522,-0.1300280132692308,0.214472933150556,-0.1013065340713314,0.2955921268452956,-0.0008266128737574,0.3015676881866727,-0.435399878490153,1.121847761333422,-0.0779031857075081,-0.2167164461981717,1,0
12.7666666666667,-0.663615750651,-0.262129018293,0.621576927589,0.04531403935693,-0.0130592177360973,0.6977222826770636,0.7148144590907404,-0.0074906738135018,0.192637238191795,-0.1270331191587738,0.2051868175209544,-0.1062992629527452,0.2967665773221322,-0.0266115659442033,0.2943161983113288,-0.4217822468274734,1.118625657584223,-0.0925683494070001,-0.2134678098296161,1,0
12.8,-0.664287636784,-0.255938300535,0.621878467496,0.0450849202853036,-0.014496189315929,0.7017217941549645,0.7108753294819861,-0.0288044566570831,0.1913108911906148,-0.1243235327095239,0.1961681243575936,-0.1112272020321279,0.2977611073244823,-0.0537773812161925,0.2838833527267416,-0.4059187177381746,1.1132557114692538,-0.1066184398998937,-0.2087712929478557,1,0
12.8333333333333,-0.665153600163,-0.249680014539,0.622143218291,0.0445099788392427,-0.0159249469556633,0.7049203867931548,0.7077093373211764,-0.0496383328783034,0.189872192660611,-0.1217416929811454,0.1875631102632959,-0.1161093634485508,0.2985760207292423,-0.0818838599103308,0.2710681338146256,-0.3885234718573162,1.1059511496152017,-0.1200479976859125,-0.2027611626708506,1,0
12.8666666666667,-0.66637163952,-0.243324610091,0.622363680917,0.0435462809522153,-0.017468047063139,0.707175569184072,0.7054794845324808,-0.0701985415748026,0.1884910404654645,-0.1191827887838612,0.1794643589010934,-0.1209398795087088,0.2992379756574364,-0.1104076846493884,0.2567072884950089,-0.3702986632320326,1.0968812854509653,-0.1328138030567154,-0.1956133330376049,1,0
12.9,-0.667842305506,-0.237237941097,0.622522456387,0.0426643155518217,-0.0192986786257457,0.7091828013782299,0.703467889395899,-0.0905944160458416,0.1873427620943501,-0.1165910516169927,0.1718997533682228,-0.1257134963398884,0.2997919288238762,-0.1388526374465936,0.2415987344786788,-0.3518597411436632,1.0861310843267746,-0.1448139086571006,-0.1875314603231353,1,0
12.9333333333333,-0.66928382105,-0.231822741194,0.622602744769,0.0424815831516821,-0.0214306773167944,0.7118341119721787,0.7007340709537749,-0.1107928975153119,0.1865716804157366,-0.1139455910534285,0.1648311135992106,-0.1304412637296857,0.3002872826699048,-0.1668321821570029,0.2264306266771084,-0.333669279469298,1.0736666868673892,-0.1558857708488792,-0.1787182608522318,1,0
12.9666666666667,-0.670511832278,-0.227115430423,0.62259380457,0.0431893368643397,-0.0236576182904698,0.7154235711709827,0.6969534504477318,-0.1306189180736389,0.1862673243162819,-0.1112426071821423,0.1581676417682445,-0.1351544636458022,0.3007662208743136,-0.1940997078502518,0.2117280538370443,-0.3159990780622508,1.0593257699239769,-0.165819506382133,-0.1693412897897062,1,0
13,-0.671632337879,-0.222754966975,0.622492404262,0.0443617233199598,-0.0257067373696684,0.719464097848622,0.6926345450991878,-0.1498068092563934,0.1864555978759149,-0.1084821810048083,0.1517982480216672,-0.1399000837357279,0.3012603148687561,-0.2205221370892658,0.1978261682442953,-0.2989332227635931,1.0428431226350352,-0.1743791174176436,-0.1595052484908996,1,0
13.0333333333333,-0.672905672985,-0.218263648875,0.622296003159,0.0453107352699705,-0.0273775640019721,0.7231845659013314,0.6886228938255796,-0.1680889130269771,0.1871008314575505,-0.1056650540832692,0.1456389835355372,-0.1447320137534303,0.3017949424955665,-0.2460130799746757,0.1848728181282492,-0.2824091110635844,1.0239060661450694,-0.1813236942286709,-0.1492404608581866,1,0
13.0666666666667,-0.674396524553,-0.213286177395,0.621983355495,0.0455971255247489,-0.0285018556918341,0.7261039414254548,0.6854791117258221,-0.1852914262940213,0.1881132714341369,-0.1027996183673669,0.1396809137728945,-0.1497014572717354,0.3023957236746751,-0.2704551320957828,0.172856543681393,-0.2662790332901102,1.0022185514427329,-0.1864235804343355,-0.1385109157545599,1,0
13.1,-0.675817401847,-0.207661643041,0.621511099952,0.0452444293838438,-0.0288963654903926,0.7281937804665952,0.6832655119065679,-0.2014009335339063,0.1893600061553717,-0.0999145325815942,0.1340180942309551,-0.1548501831318758,0.3030915846145543,-0.2936443394367716,0.1616500009219402,-0.2503699293443804,0.9775466510848224,-0.1894722273756795,-0.1272386262819948,1,0
13.1333333333333,-0.676791143711,-0.201470771916,0.620854716172,0.0445837815386573,-0.0285301778412968,0.7297084290947556,0.6817066259646604,-0.2165726610253322,0.1906815053555023,-0.0970686072020977,0.1288397898948946,-0.1602096799298714,0.3039132975564509,-0.31528161813321,0.1510573415766513,-0.234524934419138,0.9497272039819752,-0.1902983239030886,-0.1153362365105846,1,0
13.1666666666667,-0.677259892412,-0.195074951224,0.620061934816,0.0439761435011585,-0.0277530260955144,0.7310116392502737,0.6803806667049962,-0.2310732820551105,0.1919165975054493,-0.0943481665761747,0.1243837103975799,-0.1658060961141118,0.3048896943516092,-0.3350168700759885,0.1408572893292851,-0.2186227797504543,0.9186417446807464,-0.188781466881094,-0.1027376461293627,1,0
13.2,-0.677568287357,-0.18897108087,0.619249314809,0.0436392496334962,-0.0272036384287143,0.7324999350936289,0.6788220849644587,-0.2451786965731057,0.1929345656076791,-0.0918464569127219,0.1208623274783052,-0.1716670543436476,0.3060440822955984,-0.3525290806046577,0.1308386207467627,-0.2025821558431945,0.8841778686794424,-0.1848701973069,-0.0894170509109304,1,0
13.2333333333333,-0.678128585444,-0.183459682968,0.618521832867,0.0436094386532355,-0.027364670859409,0.7344817165955937,0.6766727419040138,-0.2590666826710445,0.1936664328860852,-0.0896297627382999,0.1183869658008431,-0.1778255684727758,0.3073911087069924,-0.3676111318934125,0.1208276333519135,-0.1863613441201361,0.8462081547118171,-0.1785980054819513,-0.075390296253249,1,0
13.2666666666667,-0.679067242787,-0.178428799914,0.617889840036,0.0437613781062725,-0.0282101911691462,0.736980868297238,0.6739052801872748,-0.2727464267412457,0.1941236893533022,-0.0877041048703627,0.116919222654431,-0.1843182850730344,0.3089317988952654,-0.3802282925674602,0.1107074581712044,-0.1699590542583556,0.8046085910337525,-0.1700929979697015,-0.0606986036239717,1,0
13.3,-0.680222675074,-0.173485950963,0.617271768959,0.043855074444846,-0.0293052252668335,0.7396751013732366,0.6708939414139834,-0.2860522660087637,0.1943963504655632,-0.0859979558574501,0.1162719622415038,-0.191177206775408,0.3106456462349076,-0.3905323952013526,0.1004289382631493,-0.1534163161218631,0.7593187593420195,-0.1595795537051009,-0.0453817050030905,1,0
13.3333333333333,-0.681382320795,-0.168283426508,0.6165659295,0.0436435562306626,-0.0301716386339396,0.7421153152025018,0.6681689690217404,-0.2987045334808099,0.1946316686234993,-0.0843697920927627,0.1161625651045697,-0.1984151131653255,0.3124839513393279,-0.3988315480454872,0.0900131318363955,-0.1368154083252717,0.7104246878277203,-0.1473729603801896,-0.0294522544213277,1,0
13.3666666666667,-0.682398211308,-0.162707634982,0.615702762367,0.043028630186305,-0.0304940024466359,0.7440390664145432,0.6660514397912896,-0.3104151732951586,0.1950023568957902,-0.0826388279896661,0.1162975132321761,-0.2060072648107639,0.3143720269008088,-0.4055293621400566,0.0795454938322824,-0.1202694977422143,0.6582329475719169,-0.13386821817384,-0.012884313109463,1,0
13.4,-0.683112069864,-0.156862742874,0.614642484526,0.0421461060334843,-0.0300834275989616,0.7454581593825401,0.6645380543957644,-0.320998411086893,0.1956736770414233,-0.0806280882921452,0.1164534778212764,-0.2138762457837356,0.3162237471344862,-0.411053711931709,0.0691615761591502,-0.1038959123683763,0.6033070972131587,-0.1195218852920453,0.0043745372821945,1,0
13.4333333333333,-0.683359213826,-0.151027975816,0.613360710225,0.0412687440669831,-0.0288690517642835,0.7464769624014191,0.6635025344467912,-0.3304440549078999,0.1967747301203214,-0.0782049689107749,0.1165242978502976,-0.2218890010786222,0.3179632526061909,-0.415794282571535,0.0590250517510701,-0.0877697473288328,0.5464525193714308,-0.104823902776137,0.0223651399620013,1,0
13.4666666666667,-0.683108610641,-0.144273194962,0.611997107522,0.0405862554820679,-0.0270320305430827,0.747125017767563,0.6628923238479087,-0.338925842048507,0.1983762981268506,-0.0753068923147568,0.1165214320830546,-0.2298711728593881,0.3195435283735707,-0.4200644115463123,0.0493015830670317,-0.0718638445313907,0.488654709831481,-0.090258052110055,0.0410604713180129,1,0
13.5,-0.682033929487,-0.125779198286,0.611847504586,0.0400688351898728,-0.0250390660083129,0.7474219482612756,0.6626673108561167,-0.3467444619983511,0.2004776758824829,-0.0719466518306779,0.1165355216731523,-0.2376354720093096,0.3209534811095272,-0.4240967131231797,0.0401350298619799,-0.0559918964067406,0.4309906004647099,-0.0762551181692711,0.0603080578954128,1,0.166666667
13.5333333333333,-0.680711541901,-0.115804630859,0.611963733118,0.0395433940291349,-0.0233695712894033,0.7475306981749353,0.6626371845984045,-0.3542308797018695,0.2030059683868117,-0.0681998187797859,0.1166787799948889,-0.2450140664182671,0.3222112702536127,-0.4280712874753764,0.0316326738550069,-0.0397775581197857,0.3745376616239273,-0.0631480915546152,0.0797919812372245,1,0.333333333
13.5666666666667,-0.680076497412,-0.112481623248,0.611738958508,0.0388848630853858,-0.0221394551367978,0.7477205353250383,0.6625041984790094,-0.3616472806264719,0.2058304090481299,-0.064181569186334,0.1170300298768723,-0.2518839917580517,0.3233480868422698,-0.4321609951941021,0.023861760759448,-0.0226708531921811,0.3203005945220983,-0.0511403275736282,0.0990321546454129,1,0.5
13.6,-0.679793241779,-0.113082772274,0.610954482535,0.0381168931063767,-0.0210224764991516,0.748145587575273,0.6621052316160998,-0.3691181725083268,0.2087904978046041,-0.0600207335117622,0.1175997515376536,-0.2581789168675147,0.3243904591772143,-0.4365677931402334,0.0168535907830219,-0.004023365433167,0.2691619793890041,-0.0402955712084712,0.1174302488379047,1,0.666666667
13.6333333333333,-0.679303488961,-0.115900355505,0.609624811771,0.0373397416941869,-0.0195689443955657,0.7487225124316895,0.6615416838593267,-0.3766106330225872,0.2117314758711929,-0.0558362752763531,0.1183246380941733,-0.2638867116409519,0.3253488159317029,-0.4415257967205216,0.0106090319252302,0.0167835677529395,0.2218457192192013,-0.0305543778690782,0.1343607410924124,1,0.833333333
13.6666666666667,-0.678398893727,-0.120467996074,0.608187869597,0.0365915245570518,-0.0176007669570403,0.749265561317276,0.6610237453806196,-0.3839676630974781,0.2145366678746769,-0.051719178680421,0.1190913074628493,-0.2690369279516004,0.3262162036198852,-0.4472618310944227,0.0051020326264647,0.0401844529959483,0.1788696319115643,-0.0217743071553241,0.149293004067764,0.833333333,1
13.7,-0.677268321577,-0.126443936676,0.606164166016,0.035793445204436,-0.0153184009499953,0.7497076204461474,0.6606229330849086,-0.3909838756624486,0.2171465976510443,-0.0477222061077611,0.1197791133013196,-0.2736848695059596,0.3269765025976396,-0.4539253922446979,0.0002810508793215,0.0662921476358457,0.1404657221658934,-0.0137815554200234,0.1619184298625031,0.666666667,1
13.7333333333333,-0.676301010939,-0.134260312219,0.603945252274,0.0348190734141033,-0.013082273051614,0.7501527447900034,0.6602176502808831,-0.3974994143568054,0.2195602440947902,-0.043858974382209,0.1203055374252723,-0.2779001889878169,0.32761819293623,-0.4615169706240223,-0.0039320317543291,0.0948228811119067,0.1064655767571333,-0.0064135780187461,0.1722510672295596,0.5,1
13.7666666666667,-0.675623808948,-0.144921899258,0.601483562256,0.0336088059910639,-0.0111190029361164,0.750732285895226,0.6596573738298469,-0.4034802255284187,0.2218218390992529,-0.0401103545761887,0.1206567070330221,-0.2817670446782756,0.3281479186746585,-0.4698493644632863,-0.0076485899293954,0.1251145053378754,0.0761766375755191,0.0004679611402731,0.1806757137174376,0.333333333,1
13.8,-0.674978233762,-0.159459017254,0.598654990726,0.0322313043329463,-0.0093891934481686,0.7514485825930155,0.6589370332485024,-0.4090554314899627,0.2240028081914,-0.0364327003179088,0.1208908363846537,-0.2853975920575624,0.3285981554915876,-0.4785676292406942,-0.0110281961712569,0.156241092431139,0.0483000840702141,0.0070037554199704,0.1879307512221755,0.166666667,1
